iteration,n_categories,n_features,rmse,mae,r2,total_params,training_time,toggle_EMG_BW,toggle_EMG_HjComp,toggle_EMG_HjMob,toggle_EMG_IEMG,toggle_EMG_Kurt,toggle_EMG_LogDet,toggle_EMG_MAV,toggle_EMG_MDF,toggle_EMG_MNF,toggle_EMG_Myopulse,toggle_EMG_PeakFreq,toggle_EMG_Power,toggle_EMG_RMS,toggle_EMG_SSC,toggle_EMG_Skew,toggle_EMG_SpecEntropy,toggle_EMG_VAR,toggle_EMG_WAMP,toggle_EMG_WL,toggle_EMG_ZC,toggle_IMU_DomFreq,toggle_IMU_Jerk,toggle_IMU_Kurt,toggle_IMU_MNF,toggle_IMU_Max,toggle_IMU_Mean,toggle_IMU_P2P,toggle_IMU_SMA,toggle_IMU_SVM_Mean,toggle_IMU_Skew,toggle_IMU_SpecEnergy,toggle_IMU_Std,toggle_IMU_Var
31,20,180,0.3311,0.1604,0.9705,1019074,1599.6,1,1,0,1,0,0,1,0,1,0,0,1,1,1,1,1,1,1,0,0,0,1,1,0,1,1,0,1,1,0,1,0,1
33,14,116,0.3342,0.1403,0.97,1012930,1600.2,1,0,0,1,1,1,1,0,0,1,0,0,0,0,0,0,0,0,1,0,0,1,0,1,1,0,0,1,1,0,1,0,1
49,16,136,0.3382,0.1698,0.9693,1014850,1571.6,1,0,1,0,0,1,1,1,0,0,1,1,0,0,0,1,0,0,0,0,0,1,0,1,0,1,1,1,1,0,0,1,1
29,17,152,0.3398,0.1677,0.969,1016386,1593.7,0,0,0,1,1,0,0,1,1,1,0,0,0,1,0,1,0,1,1,1,0,0,0,1,1,1,1,1,0,1,0,0,1
21,14,116,0.3415,0.1715,0.9687,1012930,1560.0,0,1,1,0,0,0,0,0,0,0,0,1,0,1,0,1,0,0,1,1,1,0,0,1,1,1,1,0,1,0,0,0,1
36,21,180,0.3417,0.1935,0.9686,1019074,1568.0,1,0,1,1,0,1,0,0,1,0,1,1,1,0,0,1,1,1,0,1,1,1,0,1,1,1,0,1,1,0,1,1,0
40,18,164,0.3426,0.1763,0.9685,1017538,1579.2,0,0,0,0,0,1,1,1,0,0,0,1,1,0,1,0,1,1,1,1,1,0,1,0,1,1,1,0,1,1,1,0,0
44,19,164,0.3427,0.1742,0.9684,1017538,1571.4,1,0,1,0,0,1,1,0,1,1,1,0,1,0,1,0,0,0,1,0,1,1,0,1,0,1,0,1,1,1,1,0,1
5,15,148,0.343,0.1533,0.9684,1016002,1577.7,0,0,1,0,1,1,0,1,1,0,0,0,0,0,1,1,0,0,1,0,0,0,1,0,1,1,0,1,0,1,1,1,0
20,15,148,0.3437,0.171,0.9682,1016002,1560.5,1,0,0,1,1,1,1,0,0,1,0,0,0,0,0,0,0,0,1,1,1,1,0,0,1,1,1,0,0,0,0,1,1
28,15,136,0.3444,0.1717,0.9681,1014850,1602.4,1,1,0,1,0,0,1,0,0,0,0,0,1,0,1,1,0,0,0,1,0,1,0,1,0,0,1,1,0,1,0,1,1
32,19,176,0.3446,0.1798,0.9681,1018690,1601.6,1,1,0,1,1,0,1,0,1,0,0,0,1,0,1,0,0,1,1,0,1,1,1,0,0,1,0,1,1,1,1,1,0
16,20,160,0.3453,0.1464,0.968,1017154,1580.0,0,1,0,1,1,1,1,0,1,1,0,1,1,1,1,1,0,1,1,0,0,0,1,1,0,1,0,1,1,1,0,0,0
34,18,160,0.347,0.1658,0.9676,1017154,1585.2,0,1,1,1,1,0,0,0,0,1,0,0,1,1,1,1,0,0,1,1,0,1,0,0,1,1,1,0,1,0,0,1,1
25,21,168,0.348,0.1664,0.9675,1017922,1610.5,1,1,0,1,1,1,1,1,1,0,1,1,0,1,1,1,0,0,1,1,0,1,1,1,1,0,0,0,1,0,0,0,1
13,18,156,0.3487,0.1723,0.9673,1016770,1572.0,1,0,1,1,0,1,1,1,0,1,0,0,1,0,0,1,1,1,1,0,0,0,1,1,1,1,0,0,0,1,0,1,0
10,18,148,0.3525,0.1725,0.9666,1016002,1564.0,0,1,0,0,1,1,1,1,1,1,0,1,0,0,0,0,1,1,1,0,0,0,0,1,1,1,0,1,1,1,1,0,0
12,17,168,0.3534,0.1677,0.9664,1017922,1568.2,1,1,0,1,1,0,0,0,0,0,1,0,0,1,0,1,0,0,1,1,1,1,1,0,0,1,1,1,0,0,1,0,1
37,16,152,0.3549,0.1728,0.9661,1016386,1574.0,0,1,0,1,0,1,0,1,1,1,1,0,1,0,0,0,0,1,1,0,0,1,0,0,0,1,1,0,0,1,1,0,1
45,21,172,0.3554,0.1694,0.966,1018306,1569.2,1,1,0,1,1,1,0,1,0,1,0,1,1,0,1,0,1,1,1,1,1,0,0,1,1,1,1,0,1,0,1,0,0
9,21,168,0.3564,0.1736,0.9659,1017922,1580.8,1,1,1,1,0,0,1,1,1,1,1,1,1,1,1,1,1,0,0,0,1,0,0,1,0,1,0,0,1,0,0,1,1
1,14,120,0.3568,0.1715,0.9658,1013314,1690.8,0,1,1,1,0,0,0,1,1,1,0,1,1,0,0,0,0,1,0,0,1,0,0,0,0,1,0,1,1,0,1,0,0
17,23,212,0.3568,0.1741,0.9658,1022146,1572.2,0,1,1,1,1,1,1,1,1,0,0,0,1,1,0,1,1,0,0,1,1,1,1,1,1,1,1,0,0,0,1,1,1
4,16,140,0.3572,0.1759,0.9657,1015234,1600.3,0,0,1,0,1,1,0,0,1,0,0,0,0,1,1,1,1,1,0,1,1,1,1,0,0,0,0,1,1,0,1,0,0
22,16,148,0.3581,0.1697,0.9655,1016002,1564.9,0,0,1,0,1,0,0,1,0,0,0,0,1,0,1,0,1,1,1,0,0,0,1,1,1,0,1,1,0,0,1,1,1
8,19,184,0.3598,0.1745,0.9652,1019458,1581.8,1,1,0,0,1,0,0,1,0,1,1,1,0,0,1,0,1,1,1,0,0,1,0,0,1,1,1,1,0,1,1,0,1
15,20,172,0.3603,0.1679,0.9651,1018306,1570.4,1,1,1,0,0,1,0,1,0,1,0,1,1,1,0,1,1,1,1,1,0,1,1,1,0,0,1,1,0,1,0,0,0
14,14,128,0.3621,0.1805,0.9648,1014082,1579.9,0,0,1,1,0,0,1,0,1,1,0,0,1,0,0,1,1,1,1,0,0,1,1,0,1,0,0,0,0,0,0,0,1
24,17,164,0.3634,0.1945,0.9645,1017538,1581.4,1,0,0,0,1,0,1,1,1,0,1,0,1,0,0,1,0,0,1,1,1,1,1,0,0,0,1,1,0,0,1,0,1
47,15,140,0.3637,0.187,0.9644,1015234,1566.7,0,1,0,1,0,0,0,0,0,0,1,1,0,1,1,0,0,0,0,1,0,1,1,0,1,0,1,0,1,1,0,1,1
11,14,132,0.3643,0.1724,0.9643,1014466,1571.7,0,1,0,0,0,0,1,1,0,0,0,0,0,0,0,1,1,0,0,1,1,1,1,0,0,1,0,1,1,1,0,1,0
39,12,92,0.3646,0.1722,0.9643,1010626,1571.6,1,0,0,0,0,1,0,1,0,0,0,0,0,0,1,0,1,1,1,0,0,0,0,1,0,0,1,1,1,0,0,1,0
48,17,148,0.3654,0.1751,0.9641,1016002,1564.0,1,1,1,0,0,1,0,1,1,0,0,1,0,1,0,1,0,1,0,1,0,1,1,0,0,0,1,1,1,0,0,1,0
50,21,184,0.3655,0.1714,0.9641,1019458,1565.6,1,1,1,0,0,1,1,0,1,0,1,0,0,1,0,1,1,1,0,0,0,1,1,1,1,1,1,0,1,0,1,1,1
35,21,192,0.3663,0.1687,0.9639,1020226,1566.5,1,1,1,1,0,0,0,0,1,0,0,0,1,0,1,0,0,1,1,0,1,1,0,1,1,1,1,1,1,1,1,1,1
19,11,108,0.3673,0.1704,0.9637,1012162,1568.9,1,0,1,0,0,0,0,0,0,0,0,0,0,0,1,1,0,1,1,0,1,1,0,0,1,1,0,0,0,0,1,0,0
23,18,168,0.3677,0.1762,0.9637,1017922,1566.2,0,1,0,0,0,1,1,1,0,1,0,1,0,0,0,0,1,1,0,1,0,1,1,1,0,1,1,0,0,1,1,1,1
26,12,92,0.3681,0.1689,0.9636,1010626,1586.2,1,0,0,1,0,0,0,0,0,0,0,1,0,1,1,0,1,0,1,0,0,0,1,1,1,0,1,0,1,0,0,0,0
6,18,156,0.3682,0.1784,0.9636,1016770,1576.1,1,0,0,0,1,1,0,1,0,1,0,1,0,1,0,0,0,1,1,0,1,1,1,1,0,0,1,1,1,0,0,1,1
3,17,156,0.3692,0.1724,0.9634,1016770,1606.0,0,1,0,1,1,0,0,1,1,1,1,0,0,0,1,1,0,0,0,0,1,1,1,0,0,1,1,1,1,0,1,0,0
42,17,156,0.3696,0.1761,0.9633,1016770,1569.9,1,0,1,1,0,0,1,1,0,1,1,1,0,1,1,0,0,1,0,1,0,0,1,0,1,0,1,0,0,1,0,1,0
51,16,144,0.3725,0.1671,0.9627,1015618,1571.6,0,0,0,0,0,1,1,0,0,0,1,1,1,0,1,1,0,1,0,1,0,1,1,1,1,0,0,0,0,1,0,1,1
27,13,96,0.3775,0.1745,0.9617,1011010,1593.9,1,0,1,0,1,0,0,1,0,0,1,1,0,0,1,0,0,0,1,1,0,0,0,1,0,0,1,0,1,0,0,0,1
30,13,124,0.3784,0.1842,0.9615,1013698,1588.7,0,0,1,0,1,0,0,0,0,1,0,1,0,1,1,1,0,0,0,1,0,0,1,0,1,0,0,1,0,1,0,0,1
41,16,128,0.3803,0.1918,0.9611,1014082,1576.0,0,0,1,0,1,0,0,1,1,0,1,1,0,1,1,1,0,1,0,0,0,0,1,1,1,0,0,0,1,0,1,1,0
46,15,144,0.3818,0.1884,0.9608,1015618,1570.4,0,0,1,0,0,0,0,0,0,1,1,1,0,0,1,1,0,0,0,0,0,1,1,1,1,1,1,1,0,0,0,1,1
7,19,160,0.3829,0.1759,0.9606,1017154,1597.7,1,1,1,0,0,1,1,0,0,1,0,0,1,1,1,0,1,0,0,1,1,1,1,1,0,0,0,0,1,0,1,1,1
43,14,112,0.3899,0.1919,0.9591,1012546,1573.3,1,0,1,0,0,0,0,1,0,1,0,0,1,1,0,0,0,1,1,0,1,1,1,1,0,0,0,0,1,1,0,0,0
2,16,148,0.3914,0.1921,0.9588,1016002,1629.9,1,1,1,0,0,1,0,0,0,0,1,0,1,0,1,1,0,1,1,1,1,1,1,0,0,0,0,0,0,1,0,0,1
18,11,88,0.4104,0.2124,0.9547,1010242,1578.7,0,0,0,0,1,0,0,1,0,1,1,0,1,1,1,0,1,0,0,0,1,0,0,1,0,0,0,0,0,0,1,0,0
38,16,136,0.5658,0.2758,0.9139,1014850,1583.9,0,0,1,0,1,0,0,1,0,1,0,0,0,1,0,1,0,1,0,1,1,1,1,1,1,0,0,1,1,1,0,0,0
