weight_decay,pool_size,loss_type,learning_rate,gru_num_layers,gru_hidden_size,dropout_rate,cnn_kernel_sizes,cnn_filters,batch_size,channel_dropout_p,magnitude_scale_range,target_transform,MAE,MSE,RMSE,R2,epochs_trained,overfit_ratio,best_val_loss,time_seconds,iteration
0.0005,4,mse,0.002,2,128,0.6,"[32, 5, 3]","[32, 64, 128]",128,0.35,"(0.5, 2.0)",sqrt,0.3815002013651756,0.43814287868598767,0.6619236199789125,0.8652055367318336,27,3.336153940277838,0.08248453329889216,230.23400592803955,17
0.001,4,huber,0.002,1,192,0.4,"[32, 5, 3]","[64, 128, 256]",64,0.15,"(0.5, 2.0)",log1p,0.39810304485698533,0.460512779976377,0.6786109194349712,0.8583234464720466,33,2.767819617387865,0.025079625475559704,270.4556453227997,46
0.005,4,huber,0.002,1,128,0.5,"[64, 5, 3]","[64, 128, 256]",32,0.25,"(0.5, 2.0)",none,0.40319010006851247,0.4714871577389987,0.6866492246693349,0.8549471839965475,41,2.693371172122609,0.1961420964716923,369.0926742553711,12
0.005,4,mse,0.001,1,192,0.3,"[64, 5, 3]","[32, 64, 128]",32,0.25,"(0.3, 3.0)",none,0.38583058126384134,0.4758659808263333,0.6898304000450642,0.8536000410061748,40,3.165018856390696,0.47601428020679526,329.6787004470825,5
0.0005,4,huber,0.002,2,128,0.3,"[64, 5, 3, 3]","[64, 128, 256, 256]",128,0.5,"(0.5, 2.0)",log1p,0.39621745452862983,0.4828680133769605,0.6948870508053525,0.8514458687820852,25,2.4087556680687485,0.025197965446282788,249.57815146446228,57
0.001,4,huber,0.001,2,192,0.4,"[64, 5, 3]","[32, 64, 128]",32,0.25,"(0.3, 3.0)",log1p,0.41228425130633045,0.48941647864269094,0.6995830748686613,0.8494312363330274,29,2.291125844540003,0.02333669157892682,281.94807958602905,8
0.005,4,huber,0.002,3,192,0.4,"[64, 5, 3]","[64, 128, 256]",32,0.35,"(0.5, 2.0)",sqrt,0.3951928856969618,0.4904656623410879,0.7003325369716075,0.8491084554312374,24,2.0549539706477535,0.03581680099102316,280.44126772880554,4
0.005,4,mse,0.0005,3,192,0.5,"[32, 5, 3]","[64, 128, 256]",32,0.35,"(0.3, 3.0)",log1p,0.4016314965444201,0.5005851628404636,0.7075204328077483,0.8459951955685047,47,2.9940479465562113,0.04538219102506533,543.8876504898071,42
0.0001,4,mse,0.002,2,128,0.4,"[32, 5, 3]","[32, 64, 128]",64,0.35,"(0.3, 3.0)",log1p,0.4396548311454743,0.5078556865995983,0.7126399417655442,0.8437584221426072,19,1.4305419156540435,0.05086582626212672,167.9030363559723,2
0.0005,4,huber,0.001,3,192,0.3,"[64, 5, 3]","[64, 128, 256]",128,0.15,"(0.5, 2.0)",sqrt,0.3924641301089783,0.5212565060678803,0.7219809596297401,0.8396356659471897,28,3.1712955103274822,0.03688565520820108,307.3867127895355,11
0.0005,4,mae,0.002,3,128,0.4,"[64, 5, 3]","[32, 64, 128]",32,0.5,"(0.5, 2.0)",sqrt,0.39234247352177726,0.5254777392780382,0.72489843376713,0.8383370054129836,21,1.1987741599777537,0.144472746915068,213.12095546722412,43
0.005,4,mse,0.002,2,128,0.3,"[32, 5, 3]","[32, 64, 128]",32,0.25,"(0.5, 2.0)",sqrt,0.4006751024183944,0.5290096685057003,0.7273305084387017,0.8372504089447912,29,2.6269472258418176,0.06701588771864155,361.94412207603455,1
0.0001,4,huber,0.001,3,128,0.4,"[64, 5, 3, 3]","[64, 128, 256, 256]",32,0.35,"(0.5, 2.0)",log1p,0.4173766334662834,0.5295221786626927,0.7276827458877204,0.8370927354211715,34,3.6150333303420528,0.02419711812016568,350.32371497154236,40
0.001,4,huber,0.001,3,128,0.5,"[64, 5, 3]","[64, 128, 256]",128,0.15,"(0.3, 3.0)",log1p,0.42285046991161634,0.5435186944721899,0.737237203667985,0.8327867135092697,36,3.0638483384752604,0.03240713105745052,368.29461002349854,38
0.001,4,mae,0.002,1,128,0.3,"[32, 5, 3]","[64, 128, 256]",64,0.15,"(0.3, 3.0)",sqrt,0.4101341611846397,0.5545366878763429,0.744672201627228,0.8293970327009017,25,1.6273025128966296,0.16156387410187276,199.32229733467102,28
0.005,4,mae,0.001,1,256,0.4,"[64, 5, 3, 3]","[64, 128, 256, 256]",64,0.25,"(0.3, 3.0)",sqrt,0.43091881567994644,0.5579785352842199,0.7469796083456495,0.8283381498648116,27,1.5161902495998958,0.17235165424630705,223.86152935028076,34
0.0001,4,mae,0.002,3,128,0.4,"[64, 5, 3]","[64, 128, 256]",64,0.35,"(0.5, 2.0)",none,0.4000455279511844,0.5600559208827871,0.748368840133518,0.8276990431021964,47,1.6697669214825535,0.4003120334122277,433.76024103164673,6
0.001,4,mse,0.0005,1,128,0.3,"[32, 5, 3]","[64, 128, 256]",128,0.35,"(0.5, 2.0)",sqrt,0.43799905162969766,0.5613002810207908,0.7491997604249422,0.827316216254896,28,2.664686592231893,0.09044393517643809,263.3961720466614,36
0.001,4,huber,0.002,2,192,0.6,"[64, 5, 3]","[64, 128, 256]",128,0.5,"(0.5, 2.0)",log1p,0.4609783770548722,0.5663535781608361,0.7525646670956829,0.8257615716198633,21,2.030060038887777,0.033176373986604946,209.67394423484802,23
0.01,4,huber,0.002,2,256,0.5,"[32, 5, 3]","[32, 64, 128]",64,0.25,"(0.5, 2.0)",none,0.5313713618294515,0.5783139235472464,0.7604695414987023,0.8220819766400291,21,2.1266782680491767,0.24346961472024428,175.5081489086151,45
0.0001,4,mae,0.002,2,192,0.3,"[64, 5, 3]","[32, 64, 128]",32,0.5,"(0.3, 3.0)",log1p,0.43429574711634716,0.5795784710235741,0.7613005129537048,0.8216929391670023,30,1.5576703274468076,0.13846539648738015,296.5771815776825,16
0.0005,4,huber,0.001,3,256,0.6,"[32, 5, 3]","[32, 64, 128]",64,0.5,"(0.5, 2.0)",none,0.5366325275928554,0.5803156866791608,0.7617845408507321,0.8214661350959063,20,1.8875959457601899,0.24634592278194803,189.28437519073486,18
0.001,4,mae,0.002,1,192,0.6,"[64, 5, 3]","[64, 128, 256]",128,0.5,"(0.5, 2.0)",sqrt,0.43227300436705984,0.5823558848551981,0.763122457312847,0.8208384690274211,26,1.7944172992089034,0.1864533558653102,258.0567078590393,20
0.0001,4,huber,0.0005,2,192,0.4,"[32, 5, 3]","[32, 64, 128]",128,0.25,"(0.3, 3.0)",sqrt,0.4351553687936649,0.5843863113368464,0.764451640940646,0.8202138092164022,64,3.0034003132925147,0.040420741452861016,512.7911796569824,9
0.0001,4,mae,0.0005,2,128,0.3,"[32, 5, 3]","[64, 128, 256]",128,0.5,"(0.5, 2.0)",sqrt,0.43017621471017153,0.5901884351971207,0.7682372258600338,0.8184287883713603,57,1.952405204866585,0.16254415103010392,546.9186165332794,52
0.0005,4,mae,0.001,1,192,0.5,"[64, 5, 3]","[64, 128, 256]",64,0.35,"(0.3, 3.0)",sqrt,0.41012537602428123,0.5942148738848424,0.7708533413593291,0.8171900562860157,38,1.6887637683477477,0.1508141788643941,323.8414525985718,54
0.001,4,mse,0.0005,3,256,0.3,"[32, 5, 3]","[64, 128, 256]",128,0.5,"(0.5, 2.0)",sqrt,0.4236642048650354,0.5960039509660672,0.7720129215020091,0.8166396475115256,53,4.974131752338248,0.07262943073968546,467.63549542427063,53
0.0001,4,mae,0.001,2,192,0.7,"[64, 5, 3]","[64, 128, 256]",32,0.25,"(0.5, 2.0)",log1p,0.4546766674944376,0.5968830595445481,0.7725820730152546,0.8163691901453209,24,1.8585089936580925,0.16073308687795268,266.44396901130676,30
0.01,4,mse,0.001,1,128,0.4,"[64, 5, 3]","[64, 128, 256]",32,0.25,"(0.5, 2.0)",sqrt,0.42813368850859823,0.5976904033311822,0.773104393553149,0.8161208111856568,23,1.8071574594289934,0.06978734155111105,219.55246782302856,25
0.01,4,mse,0.002,2,192,0.5,"[64, 5, 3]","[64, 128, 256]",128,0.35,"(0.5, 2.0)",none,0.4900987924804722,0.5990481893158229,0.7739820342332391,0.8157030889266952,17,2.1294580787706363,0.6057918702962065,170.83053350448608,10
0.0001,4,mae,0.0005,3,256,0.4,"[64, 5, 3]","[64, 128, 256]",32,0.15,"(0.3, 3.0)",sqrt,0.41789093295637325,0.6017668795985692,0.7757363467045806,0.8148666850610106,32,2.125167568672955,0.15076661800007402,368.64745926856995,15
0.005,4,mse,0.001,1,128,0.6,"[64, 5, 3]","[64, 128, 256]",32,0.15,"(0.3, 3.0)",none,0.4676058404204404,0.6018417744073836,0.7757846185684424,0.814843643706131,34,2.8535689224367777,0.601952603710401,316.047709941864,55
0.0005,4,huber,0.002,2,256,0.4,"[64, 5, 3, 3]","[64, 128, 256, 256]",64,0.25,"(0.3, 3.0)",sqrt,0.4525268562656761,0.6084084803051443,0.7800054360740983,0.8128233995346791,32,2.9288971898586067,0.041797244986128745,265.74500370025635,56
0.0001,4,huber,0.002,2,256,0.4,"[32, 5, 3]","[64, 128, 256]",64,0.15,"(0.3, 3.0)",log1p,0.43470423724814405,0.6147352113384525,0.7840505158077843,0.8108769835243711,27,2.804613547512315,0.02825779888441384,247.775071144104,33
0.005,4,mse,0.001,2,256,0.3,"[64, 5, 3]","[32, 64, 128]",64,0.5,"(0.5, 2.0)",log1p,0.47546330275161114,0.619538058624254,0.7871073996757075,0.8093993896764689,28,2.9270299587045994,0.057425978166617694,249.5860722064972,21
0.005,4,huber,0.001,2,192,0.6,"[64, 5, 3]","[64, 128, 256]",64,0.25,"(0.5, 2.0)",none,0.50663913161027,0.6221741423618363,0.7887801609839311,0.8085883996779484,19,2.3456707293508474,0.26478288682825446,198.55692338943481,39
0.005,4,huber,0.001,1,256,0.3,"[64, 5, 3]","[32, 64, 128]",64,0.25,"(0.3, 3.0)",sqrt,0.4304167976561255,0.6232309110542804,0.7894497520769009,0.8082632852560871,39,4.0255780232075535,0.036726583037736675,332.4986412525177,60
0.001,4,huber,0.0005,3,128,0.3,"[32, 5, 3]","[64, 128, 256]",128,0.5,"(0.5, 2.0)",sqrt,0.46391427662196244,0.645146885667639,0.8032103620270589,0.8015208453381634,39,3.203508901090944,0.041348281520004256,376.13312816619873,51
0.0001,4,mse,0.001,1,128,0.5,"[64, 5, 3]","[64, 128, 256]",32,0.15,"(0.3, 3.0)",log1p,0.43573958897724224,0.648995434521288,0.8056025288697201,0.8003368409817654,39,2.9939135099331255,0.05205379144056095,346.55663299560547,35
0.0001,4,mae,0.001,1,192,0.5,"[64, 5, 3]","[64, 128, 256]",128,0.15,"(0.5, 2.0)",none,0.4399249755714948,0.6528468415163993,0.8079893820567194,0.799151957319408,43,1.8951801895689127,0.4409431647886755,441.41457986831665,29
0.0005,4,huber,0.0005,3,128,0.3,"[64, 5, 3]","[64, 128, 256]",128,0.5,"(0.5, 2.0)",log1p,0.4957336749245783,0.6777337475662838,0.8232458609469493,0.7914955116561574,24,2.9755125893182948,0.03260009085000647,269.71503734588623,13
0.0005,4,huber,0.001,2,128,0.5,"[64, 5, 3]","[32, 64, 128]",128,0.25,"(0.5, 2.0)",sqrt,0.49997702899732793,0.6947909032070296,0.8335411826700764,0.7862478852508821,21,3.901512444537827,0.06264267224741085,207.05079293251038,26
0.0005,4,mae,0.002,2,128,0.5,"[64, 5, 3, 3]","[64, 128, 256, 256]",128,0.5,"(0.3, 3.0)",log1p,0.48143956507067687,0.7040347329960005,0.8390677761635233,0.7834040250957577,36,1.547847295535743,0.1603852938459499,374.2740230560303,47
0.005,4,mae,0.0005,1,192,0.5,"[32, 5, 3]","[64, 128, 256]",64,0.15,"(0.3, 3.0)",log1p,0.47769578237405774,0.7079853637173124,0.8414186613792877,0.7821886152978237,27,1.714315292799274,0.16358953992188988,234.17768359184265,44
0.001,4,mae,0.002,3,192,0.7,"[32, 5, 3]","[64, 128, 256]",128,0.5,"(0.3, 3.0)",sqrt,0.4978452157700263,0.7277848194685288,0.8531030532523775,0.7760973214737837,23,1.3881858680246795,0.21552500756353243,239.5729205608368,24
0.0001,4,mae,0.002,2,192,0.5,"[64, 5, 3, 3]","[64, 128, 256, 256]",32,0.15,"(0.5, 2.0)",sqrt,0.5251520979599823,0.8584317144296825,0.9265159007970033,0.7359038618955842,35,1.4765814942421887,0.20066220321571113,300.1400046348572,22
0.01,4,mse,0.001,3,192,0.7,"[64, 5, 3, 3]","[64, 128, 256, 256]",32,0.35,"(0.5, 2.0)",sqrt,0.558686039906113,0.9024708624668291,0.9499846643324454,0.7223552374371482,23,3.061696093210038,0.15133862835830436,224.02708435058594,19
0.001,4,huber,0.001,3,128,0.7,"[32, 5, 3]","[32, 64, 128]",32,0.25,"(0.3, 3.0)",sqrt,0.5677556119804666,0.9566966166135155,0.9781086936601247,0.7056727081046275,19,3.640181934341536,0.079424427318295,188.8666956424713,3
0.0005,4,huber,0.0005,2,192,0.7,"[64, 5, 3, 3]","[64, 128, 256, 256]",64,0.25,"(0.5, 2.0)",none,0.6910163322495202,1.019242073456513,1.0095751945528937,0.6864306259092064,26,2.8657250269213623,0.3772345370884472,238.18368124961853,32
0.01,4,huber,0.0005,1,128,0.6,"[64, 5, 3, 3]","[64, 128, 256, 256]",128,0.35,"(0.3, 3.0)",log1p,0.5851375269196095,1.0521295869403873,1.025733682268642,0.6763127968996872,64,2.4364387076727976,0.040488004534548865,650.9890973567963,31
0.01,4,huber,0.001,1,256,0.6,"[64, 5, 3]","[32, 64, 128]",64,0.25,"(0.3, 3.0)",log1p,0.5848424020715844,1.0949374582834388,1.0463925928079951,0.6631429741728071,56,4.438958164123111,0.042640385804744156,446.16664242744446,41
0.01,4,mae,0.001,2,256,0.7,"[64, 5, 3]","[64, 128, 256]",32,0.15,"(0.3, 3.0)",sqrt,0.600918852670761,1.1399512215098648,1.067684982337892,0.6492945097815028,31,2.0706003119959897,0.2357017758778437,339.81319999694824,37
0.0005,4,mae,0.002,1,128,0.6,"[64, 5, 3]","[32, 64, 128]",128,0.15,"(0.5, 2.0)",sqrt,0.6296817802045933,1.16366106876932,1.0787312310160118,0.6420001857356726,24,2.232864939842836,0.27688705059803564,218.90060949325562,58
0.001,4,huber,0.0005,2,256,0.6,"[32, 5, 3]","[32, 64, 128]",32,0.5,"(0.3, 3.0)",none,0.6600678674547524,1.1762078041342299,1.08453114484289,0.6381401881377365,20,2.4053570581523545,0.41636066340509154,202.86947917938232,49
0.001,4,huber,0.0005,2,192,0.7,"[32, 5, 3]","[64, 128, 256]",32,0.35,"(0.5, 2.0)",sqrt,0.6185032543105365,1.238901029031498,1.1130593106530746,0.6188526451656318,53,4.32201890222893,0.07442065588802353,508.6960732936859,14
0.0005,4,mae,0.0005,1,128,0.6,"[64, 5, 3, 3]","[64, 128, 256, 256]",128,0.5,"(0.5, 2.0)",none,0.686671647570392,1.243497204093847,1.1151220579352947,0.6174386339360669,22,1.7339678256464393,0.7153144380203763,197.92327046394348,27
0.001,4,huber,0.002,1,128,0.7,"[64, 5, 3]","[32, 64, 128]",128,0.35,"(0.5, 2.0)",none,0.6966721345369218,1.3734892512424914,1.1719595774780338,0.5774466379983907,21,2.905400067813714,0.4457387349891012,179.86185431480408,7
0.01,4,mae,0.002,1,256,0.7,"[64, 5, 3]","[32, 64, 128]",64,0.15,"(0.5, 2.0)",none,0.7344838870629331,1.4398948610104814,1.1999561912880325,0.5570169814591441,20,2.6575240122648602,0.7367376140861795,164.65616965293884,48
0.001,4,huber,0.001,1,128,0.7,"[64, 5, 3]","[32, 64, 128]",64,0.35,"(0.3, 3.0)",none,0.7632740479669511,1.6630011548266201,1.2895740206853659,0.48837842862704484,22,3.3458926767160113,0.5312960273531026,182.1091706752777,50
0.005,4,huber,0.0005,1,192,0.7,"[32, 5, 3]","[32, 64, 128]",64,0.35,"(0.5, 2.0)",none,0.83089109461966,1.8920402487236445,1.3755145396264064,0.4179146524683023,26,4.003855018115455,0.5857273447782474,194.2176833152771,59
