iteration,n_categories,n_features,rmse,mae,r2,total_params,training_time,epochs_trained,toggle_EMG_BW,toggle_EMG_HjComp,toggle_EMG_HjMob,toggle_EMG_IEMG,toggle_EMG_Kurt,toggle_EMG_LogDet,toggle_EMG_MAV,toggle_EMG_MDF,toggle_EMG_MNF,toggle_EMG_Myopulse,toggle_EMG_PeakFreq,toggle_EMG_Power,toggle_EMG_RMS,toggle_EMG_SSC,toggle_EMG_Skew,toggle_EMG_SpecEntropy,toggle_EMG_VAR,toggle_EMG_WAMP,toggle_EMG_WL,toggle_EMG_ZC,toggle_IMU_DomFreq,toggle_IMU_Jerk,toggle_IMU_Kurt,toggle_IMU_MNF,toggle_IMU_Max,toggle_IMU_Mean,toggle_IMU_P2P,toggle_IMU_SMA,toggle_IMU_SVM_Mean,toggle_IMU_Skew,toggle_IMU_SpecEnergy,toggle_IMU_Std,toggle_IMU_Var
74,14,144,0.4375538539526434,0.25904180954800277,0.9485181545678388,1354498,187.9919753074646,28,0,1,0,0,0,1,1,0,0,0,0,0,0,1,0,0,1,0,1,0,1,1,1,1,0,1,0,0,0,1,0,1,1
51,16,156,0.4513704582329495,0.26115226796537705,0.9452155453932093,1356034,149.07422018051147,22,0,0,0,0,0,1,1,0,0,0,1,1,1,0,1,1,0,1,0,1,0,1,1,1,1,0,0,0,0,1,0,1,1
52,15,144,0.4565352336236356,0.290255011474022,0.9439546378070541,1354498,147.40392446517944,22,1,0,1,1,0,1,1,0,1,0,0,0,0,0,0,1,1,1,0,0,1,0,0,1,0,1,1,0,0,1,0,0,1
93,13,116,0.45824380758717537,0.25115072952015277,0.9435343555370731,1350914,146.61204624176025,22,0,1,0,1,0,1,0,0,1,1,0,0,0,0,0,0,0,0,1,1,1,0,0,1,0,0,1,1,1,0,0,1,0
79,18,148,0.46046615160317234,0.2442843126463917,0.9429853448584636,1355010,209.90836548805237,30,0,1,1,1,0,1,0,1,1,0,1,1,0,1,0,1,1,1,1,1,0,1,0,0,0,0,1,0,1,0,0,1,0
73,15,128,0.4607147573005253,0.23753434694136386,0.9429237638090491,1352450,280.40104389190674,43,0,1,0,1,1,1,1,0,0,1,0,1,1,1,0,0,0,0,1,0,0,0,1,1,0,0,0,0,1,1,0,0,1
42,17,156,0.4658951299141707,0.2670133585145128,0.9416329933774878,1356034,154.11412358283997,22,1,0,1,1,0,0,1,1,0,1,1,1,0,1,1,0,0,1,0,1,0,0,1,0,1,0,1,0,0,1,0,1,0
96,17,144,0.47366657931612066,0.24955235164546016,0.9396695498594713,1354498,183.34154438972473,28,1,1,1,1,0,0,1,1,1,0,0,1,1,1,0,1,0,1,0,0,1,1,0,1,0,0,0,0,1,0,0,1,0
80,17,160,0.47538070280662403,0.2772876394821215,0.939232107298108,1356546,143.81222343444824,21,0,1,0,1,0,0,1,0,0,0,0,1,0,1,1,0,1,0,1,0,1,0,0,1,1,0,0,1,1,1,1,1,1
85,20,184,0.47604427383687065,0.2954384668965314,0.9390623403875604,1359618,141.64884281158447,21,1,0,1,0,0,0,0,0,0,1,1,1,1,0,1,0,1,1,1,1,1,0,0,1,0,1,1,0,1,1,1,1,1
62,17,152,0.47718002941973314,0.2676763360784833,0.9387712210420011,1355522,159.63539576530457,23,0,1,0,0,1,0,1,1,1,1,0,0,0,1,1,0,1,0,1,0,1,1,0,0,0,0,0,1,1,1,0,1,1
10,18,160,0.47718860666854823,0.2613798208504088,0.9387690198635804,1356546,152.82675647735596,21,0,1,0,0,1,1,1,1,1,1,0,1,0,0,0,0,1,1,1,0,0,0,0,1,1,1,0,1,1,1,1,0,0
25,21,180,0.47743531215427504,0.2962785749575382,0.9387056909266589,1359106,174.4137625694275,24,1,1,0,1,1,1,1,1,1,0,1,1,0,1,1,1,0,0,1,1,0,1,1,1,1,0,0,0,1,0,0,0,1
124,18,156,0.4789379357388768,0.2511017661321816,0.9383192628264145,1356034,214.33640813827515,31,1,0,0,1,0,1,0,0,1,1,1,0,1,1,1,1,1,0,0,1,0,1,0,1,1,0,0,0,1,1,0,1,0
59,19,168,0.4811970407493193,0.2515772292179356,0.9377360060556369,1357570,165.40658688545227,25,0,1,1,1,0,0,1,0,1,0,1,0,1,0,1,0,1,1,1,1,1,1,0,1,0,0,0,0,1,1,1,1,0
23,18,180,0.4832686206827475,0.25984236657123144,0.9371987521952523,1359106,209.85253024101257,29,0,1,0,0,0,1,1,1,0,1,0,1,0,0,0,0,1,1,0,1,0,1,1,1,0,1,1,0,0,1,1,1,1
137,17,152,0.48695997903554744,0.264557192042347,0.9362356965977015,1355522,140.7997760772705,21,1,1,0,1,1,1,1,1,0,0,0,0,1,1,0,0,0,0,1,0,1,1,0,0,0,1,1,0,1,1,0,0,1
128,16,160,0.48749064081603766,0.2732897942454651,0.9360966473237539,1356546,150.46965837478638,21,1,0,1,1,0,0,0,0,1,1,0,0,1,0,0,1,1,0,0,0,1,1,0,1,1,0,0,1,0,0,1,1,1
146,16,152,0.48760866661190705,0.26647091989400284,0.9360657004441678,1355522,154.2151439189911,22,0,1,1,0,0,0,1,0,0,0,0,0,1,0,1,0,0,1,0,1,1,0,1,0,1,0,1,0,1,1,1,1,1
77,20,184,0.4878607223624244,0.3245365242019061,0.9359995852412815,1359618,185.57313060760498,25,1,1,0,1,0,1,1,1,0,0,1,1,1,0,0,0,1,0,0,1,0,1,1,1,0,0,1,1,1,0,1,1,1
86,14,132,0.48821233291378024,0.26249651477179037,0.935907299351726,1352962,150.27332663536072,23,1,1,0,0,1,0,1,1,0,1,1,0,0,0,0,1,0,1,0,0,1,1,0,0,0,0,1,0,0,0,1,1,0
28,15,148,0.488992330830221,0.27426856190326154,0.9357023389077962,1355010,223.41224241256714,31,1,1,0,1,0,0,1,0,0,0,0,0,1,0,1,1,0,0,0,1,0,1,0,1,0,0,1,1,0,1,0,1,1
40,18,164,0.490529748099635,0.2717582495848369,0.9352973929536813,1357058,153.99598383903503,23,0,0,0,0,0,1,1,1,0,0,0,1,1,0,1,0,1,1,1,1,1,0,1,0,1,1,1,0,1,1,1,0,0
84,14,132,0.4905367808837146,0.30086728074057867,0.935295537642241,1352962,151.99189162254333,23,0,0,0,0,0,1,1,1,0,1,1,0,1,0,0,1,0,0,1,1,0,0,0,1,0,0,1,1,0,1,1,0,0
15,20,184,0.49098776086096146,0.26770636669353537,0.935176509541776,1359618,203.60707139968872,29,1,1,1,0,0,1,0,1,0,1,0,1,1,1,0,1,1,1,1,1,0,1,1,1,0,0,1,1,0,1,0,0,0
100,18,172,0.492274559038252,0.26493423232702235,0.9348362808672731,1358082,163.31156015396118,24,1,1,1,0,0,1,1,1,1,1,0,0,1,0,0,1,1,0,0,0,1,1,0,0,1,0,1,1,0,1,0,0,1
55,16,132,0.49265137474524556,0.2622945502428792,0.934736482450921,1352962,154.0680446624756,23,0,1,1,1,1,1,0,1,0,1,1,1,0,0,1,0,0,0,1,1,0,0,0,1,1,0,0,0,1,1,0,0,0
140,15,136,0.49321833038488816,0.286739488385042,0.9345861822086947,1353474,150.5944185256958,22,0,1,1,1,0,1,0,0,1,1,0,0,0,0,1,1,0,1,1,1,0,1,0,0,0,0,0,0,0,1,1,0,1
109,17,144,0.4935639504478973,0.26109593761443467,0.9344944733334773,1354498,240.73118686676025,36,0,1,1,1,1,1,0,1,1,1,1,0,0,0,1,0,0,1,0,1,0,0,0,1,0,0,1,0,1,1,0,1,0
6,18,168,0.4936563383046143,0.2622220072497663,0.9344699477107257,1357570,236.27861380577087,32,1,0,0,0,1,1,0,1,0,1,0,1,0,1,0,0,0,1,1,0,1,1,1,1,0,0,1,1,1,0,0,1,1
44,19,176,0.49385814855870724,0.260366247656018,0.9344163584477505,1358594,158.8850040435791,21,1,0,1,0,0,1,1,0,1,1,1,0,1,0,1,0,0,0,1,0,1,1,0,1,0,1,0,1,1,1,1,0,1
56,18,148,0.49725390036486994,0.31569366895570644,0.9335113559544256,1355010,140.4269359111786,21,1,0,1,1,0,0,0,1,1,1,1,0,1,1,0,1,1,1,1,1,1,0,0,1,0,0,0,0,1,1,0,0,0
66,15,136,0.49747881688037426,0.26439534507590134,0.9334511944305298,1353474,153.65522646903992,22,1,0,0,0,1,0,0,1,1,0,0,0,0,0,1,1,1,0,1,0,1,1,0,1,0,1,0,0,1,0,1,0,1
32,19,176,0.49955539211580524,0.2966668090768667,0.9328944590655532,1358594,172.8943109512329,24,1,1,0,1,1,0,1,0,1,0,0,0,1,0,1,0,0,1,1,0,1,1,1,0,0,1,0,1,1,1,1,1,0
69,22,212,0.49958872548397426,0.30823565474608655,0.9328855033887027,1363202,153.86614298820496,22,1,1,0,1,1,0,0,1,1,1,1,1,1,0,0,0,1,1,1,0,1,1,1,1,0,1,0,0,0,1,1,1,1
133,14,128,0.4996945206817313,0.2814525833642536,0.9328570754323264,1352450,164.41092562675476,24,0,1,1,0,0,1,1,1,0,1,0,0,0,0,0,0,0,0,1,0,0,1,0,1,0,0,1,1,1,1,1,0,0
102,19,184,0.4999253986924585,0.2726906652887871,0.9327950158922061,1359618,152.70447635650635,23,0,1,1,1,1,1,1,1,1,1,0,0,1,0,0,0,0,0,0,1,1,0,0,1,0,1,1,1,0,1,0,1,1
106,20,176,0.5002902682117628,0.29823559120129756,0.932696881256001,1358594,164.04221081733704,24,1,0,1,1,0,0,1,1,1,1,1,1,1,0,0,0,1,0,1,1,1,0,0,0,0,0,1,1,1,1,0,1,1
83,15,136,0.5005968432456088,0.28123382479274356,0.9326143700450078,1353474,151.2311999797821,22,0,0,0,0,1,1,0,0,0,0,1,1,1,0,1,1,1,0,0,0,0,0,0,0,1,0,0,1,1,1,1,1,1
134,12,112,0.5022544701323405,0.2753898141377949,0.9321673629571529,1350402,173.7669394016266,25,0,0,1,1,0,1,1,0,0,0,0,0,1,0,0,1,1,1,0,0,1,0,0,1,1,0,0,0,0,0,0,0,1
139,20,180,0.5031572280653687,0.259954675543581,0.9319232974947125,1359106,158.1948184967041,23,0,1,1,1,1,1,1,0,1,0,0,1,0,0,0,1,1,1,0,1,1,0,0,0,1,1,1,0,1,1,1,1,0
45,21,184,0.5035972536244381,0.27954747045844996,0.9318041753361546,1359618,177.179137468338,24,1,1,0,1,1,1,0,1,0,1,0,1,1,0,1,0,1,1,1,1,1,0,0,1,1,1,1,0,1,0,1,0,0
90,22,196,0.5037972157232314,0.29762662752338215,0.9317500078940093,1361154,161.97087359428406,24,1,1,0,0,1,0,1,1,0,1,1,0,1,1,1,1,0,1,1,1,1,0,1,0,0,0,1,1,1,1,1,1,0
150,19,180,0.5039156225804164,0.28686941521385073,0.931717922695913,1359106,201.67597436904907,29,0,1,0,1,1,1,1,0,0,0,0,1,1,0,0,1,0,0,0,1,1,1,1,0,0,1,0,1,1,1,1,1,1
48,17,148,0.503935938282351,0.30274996891626715,0.931712416907917,1355010,146.05014085769653,22,1,1,1,0,0,1,0,1,1,0,0,1,0,1,0,1,0,1,0,1,0,1,1,0,0,0,1,1,1,0,0,1,0
113,17,148,0.5062267991873843,0.3190957021085407,0.9310901436400127,1355010,149.61131715774536,21,1,1,1,0,1,1,0,1,1,1,1,0,0,1,0,1,1,1,1,0,0,0,0,0,0,1,1,0,0,1,0,0,0
149,13,124,0.5062303209523389,0.32811632497352666,0.9310891848398793,1351938,151.30810379981995,22,0,1,0,1,0,1,0,0,1,0,0,0,0,0,0,1,0,0,0,0,1,0,1,0,1,1,1,1,1,0,0,1,0
98,15,132,0.5062644269607494,0.2826065761718147,0.9310798991376366,1352962,144.55425906181335,21,1,0,1,1,1,1,1,0,1,0,1,0,1,0,0,0,0,1,1,1,0,0,0,0,1,0,0,0,0,1,1,0,0
26,12,104,0.5068359737750544,0.2740002247285816,0.93092419671319,1349378,172.05801391601562,24,1,0,0,1,0,0,0,0,0,0,0,1,0,1,1,0,1,0,1,0,0,0,1,1,1,0,1,0,1,0,0,0,0
43,14,124,0.5086552468347635,0.2855053747347755,0.9304274155260457,1351938,179.08819556236267,25,1,0,1,0,0,0,0,1,0,1,0,0,1,1,0,0,0,1,1,0,1,1,1,1,0,0,0,0,1,1,0,0,0
67,19,180,0.5090333642726861,0.2774748147100054,0.9303239411776167,1359106,210.6775164604187,29,1,1,0,0,0,0,1,1,1,1,1,1,0,1,1,1,0,0,0,1,1,0,1,0,0,0,1,1,0,1,0,1,1
75,16,160,0.5094102005047159,0.34429798937554834,0.9302207409392328,1356546,148.0406572818756,22,1,1,0,0,0,0,0,0,0,1,1,0,1,0,0,1,0,0,1,1,1,1,1,0,0,0,0,1,0,1,1,1,1
9,21,180,0.5096015020843107,0.3321958406651637,0.9301683219301229,1359106,179.1168670654297,25,1,1,1,1,0,0,1,1,1,1,1,1,1,1,1,1,1,0,0,0,1,0,0,1,0,1,0,0,1,0,0,1,1
39,12,104,0.5098946396989037,0.29429425278540755,0.9300879603966409,1349378,160.2204978466034,24,1,0,0,0,0,1,0,1,0,0,0,0,0,0,1,0,1,1,1,0,0,0,0,1,0,0,1,1,1,0,0,1,0
72,18,160,0.5100065254976136,0.2763487943653674,0.9300572755375063,1356546,171.1920964717865,24,0,1,1,1,0,1,0,1,1,1,1,1,0,1,0,1,0,0,0,0,0,1,0,0,1,0,1,1,1,1,0,1,0
103,16,148,0.5101290847770552,0.2864969777613543,0.9300236557327992,1355010,169.4176926612854,25,0,0,0,1,0,1,0,1,1,1,1,0,0,1,0,0,0,0,0,1,0,1,0,1,0,1,1,0,1,1,1,1,0
27,13,108,0.510242311928466,0.3085098522690705,0.9299925886884975,1349890,243.50659918785095,34,1,0,1,0,1,0,0,1,0,0,1,1,0,0,1,0,0,0,1,1,0,0,0,1,0,0,1,0,1,0,0,0,1
131,19,184,0.5122067710726473,0.32537850956101216,0.9294524867074468,1359618,173.95926451683044,24,1,0,1,1,0,0,0,0,0,1,0,1,1,1,1,0,0,1,1,1,0,1,0,1,1,0,1,0,0,1,1,1,1
141,21,184,0.5124871098344747,0.27873099087998104,0.929375242063957,1359618,199.8192036151886,29,1,1,0,1,1,1,0,1,1,1,0,0,1,1,0,1,0,1,1,1,1,0,1,0,1,1,1,0,1,0,0,1,0
49,16,148,0.5127860896940377,0.30790801853473054,0.9292928144709308,1355010,143.6967236995697,22,1,0,1,0,0,1,1,1,0,0,1,1,0,0,0,1,0,0,0,0,0,1,0,1,0,1,1,1,1,0,0,1,1
58,16,148,0.5129797085852729,0.33061437145278516,0.9292394088433744,1355010,145.3774344921112,22,1,1,1,0,0,0,0,1,1,0,0,1,0,1,1,1,0,0,1,1,0,1,0,1,0,1,0,0,0,0,1,1,0
104,20,192,0.513024544589087,0.3002859258792808,0.929227038916337,1360642,152.5589714050293,22,1,0,0,1,0,1,1,1,1,0,0,0,0,0,0,1,1,0,1,0,0,1,1,1,0,1,1,1,1,1,1,1,1
105,21,200,0.5136055695360636,0.28944951129901736,0.9290666405803605,1361666,148.63940691947937,21,1,0,1,0,0,1,1,1,0,1,0,1,1,1,1,1,1,0,0,1,1,0,1,0,1,1,1,1,0,0,1,1,0
22,16,160,0.514621995587464,0.29012530419742444,0.928785608363296,1356546,160.86785626411438,22,0,0,1,0,1,0,0,1,0,0,0,0,1,0,1,0,1,1,1,0,0,0,1,1,1,0,1,1,0,0,1,1,1
61,12,112,0.5147278910896352,0.29234209002876915,0.9287562972972067,1350402,150.79377937316895,22,0,1,0,0,0,0,1,0,0,1,1,0,1,0,1,1,1,0,0,0,0,0,1,0,0,1,0,1,0,0,0,0,1
123,19,176,0.5149362542887659,0.28125859692914096,0.9286986063477568,1358594,195.74517846107483,28,0,0,1,0,1,0,0,1,0,1,1,1,1,1,1,0,0,1,0,0,0,1,1,0,1,1,1,1,1,0,1,0,1
114,17,160,0.5149845685472084,0.29763563139073757,0.9286852259126431,1356546,179.7068808078766,26,1,0,1,0,1,0,0,1,1,1,1,1,1,1,0,0,0,1,0,0,1,1,1,0,1,0,0,0,0,0,1,0,1
117,17,164,0.5152836964287871,0.28301990398963034,0.9286023557297385,1357058,152.1139726638794,22,1,0,0,1,1,0,0,0,1,0,1,1,1,0,0,0,0,1,1,1,1,0,0,0,1,1,1,0,0,1,0,1,1
115,17,160,0.5154547834654744,0.29320568557219984,0.9285549362621841,1356546,156.49299216270447,22,1,0,0,0,1,0,0,0,1,1,0,1,1,1,1,1,1,1,0,0,0,1,1,0,1,0,0,1,0,0,1,1,0
129,16,152,0.5162940760483413,0.2918657365047833,0.9283220850720201,1355522,149.01024556159973,21,1,1,0,1,0,0,1,1,0,1,0,0,0,1,1,0,1,0,1,0,0,1,0,0,1,1,0,0,0,1,0,1,1
17,23,224,0.5168646591456043,0.3324414251399774,0.928163567638032,1364738,186.64784336090088,26,0,1,1,1,1,1,1,1,1,0,0,0,1,1,0,1,1,0,0,1,1,1,1,1,1,1,1,0,0,0,1,1,1
16,20,172,0.5168824474432616,0.3393896230581285,0.9281586229400034,1358082,159.0888249874115,22,0,1,0,1,1,1,1,0,1,1,0,1,1,1,1,1,0,1,1,0,0,0,1,1,0,1,0,1,1,1,0,0,0
14,14,128,0.5169169166124511,0.2875342899860293,0.9281490408961114,1352450,150.66639924049377,21,0,0,1,1,0,0,1,0,1,1,0,0,1,0,0,1,1,1,1,0,0,1,1,0,1,0,0,0,0,0,0,0,1
116,13,120,0.5182140302639259,0.29092620149842796,0.9277879933461439,1351426,159.51710414886475,23,1,1,0,0,1,0,1,1,1,0,1,0,0,0,0,1,0,0,1,0,1,0,1,1,0,0,0,1,0,0,0,0,0
111,13,120,0.5182875537988066,0.3089991353843906,0.9277675012007486,1351426,171.13533878326416,25,1,0,0,0,0,0,1,0,0,0,0,1,0,0,1,0,0,0,1,1,1,0,1,0,0,0,0,1,1,1,1,1,0
87,17,152,0.5191572596136411,0.2840158529494458,0.9275248801623931,1355522,143.39231872558594,21,1,0,0,1,1,1,1,0,1,0,1,0,1,0,0,1,0,1,0,0,0,0,1,0,1,1,0,1,1,1,0,0,1
95,17,160,0.5193418586453004,0.2973690437029066,0.9274733304044744,1356546,186.16058564186096,27,1,0,0,0,1,0,1,1,1,0,1,0,0,1,1,0,0,0,0,0,0,0,1,1,1,0,1,1,1,1,1,1,0
101,18,184,0.5193743992345573,0.3011672671477954,0.9274642414605976,1359618,166.83501863479614,24,0,1,1,0,0,0,0,0,0,0,1,1,1,0,0,1,0,0,1,1,1,0,1,1,1,1,1,1,0,1,1,1,0
33,14,128,0.5201732958396766,0.31459982180366236,0.9272409222546675,1352450,159.27353405952454,24,1,0,0,1,1,1,1,0,0,1,0,0,0,0,0,0,0,0,1,0,0,1,0,1,1,0,0,1,1,0,1,0,1
89,18,180,0.5203188534840026,0.27715554883899496,0.927200196897141,1359106,163.3887324333191,24,1,0,1,0,0,0,0,0,1,1,0,1,1,1,0,0,0,1,1,0,0,1,1,1,1,0,1,1,0,1,1,0,1
119,18,164,0.5208755578832148,0.35816163389075095,0.9270443322714034,1357058,142.10001301765442,21,1,1,0,1,1,1,0,0,1,0,1,0,1,0,1,0,0,0,0,1,1,0,1,0,1,1,1,0,1,0,1,0,1
60,15,128,0.521945680458493,0.30683378391349037,0.9267442540527762,1352450,159.8906102180481,24,0,0,0,0,0,1,1,1,1,1,0,1,1,0,0,1,0,1,1,0,0,0,0,0,1,0,1,0,1,0,0,1,1
135,17,164,0.5234835537181112,0.28452423623172934,0.926311933118921,1357058,156.19424200057983,22,1,1,0,0,0,0,0,1,1,1,0,1,0,0,0,1,1,0,1,1,0,0,0,1,0,1,0,1,0,1,1,1,1
57,24,220,0.5244505121596468,0.29614750338152934,0.9260394542379172,1364226,148.760675907135,22,1,1,0,1,1,1,1,0,1,0,1,1,1,1,0,1,1,1,0,0,0,1,1,0,1,1,1,1,1,1,0,1,1
47,15,140,0.5254693174667113,0.32444830206356273,0.9257518214330874,1353986,152.94230318069458,23,0,1,0,1,0,0,0,0,0,0,1,1,0,1,1,0,0,0,0,1,0,1,1,0,1,0,1,0,1,1,0,1,1
7,19,172,0.5256806387522771,0.31931879050035905,0.925692090541133,1358082,175.67115664482117,24,1,1,1,0,0,1,1,0,0,1,0,0,1,1,1,0,1,0,0,1,1,1,1,1,0,0,0,0,1,0,1,1,1
91,18,168,0.5259511559105378,0.35982354751298595,0.9256155926251369,1357570,155.47193336486816,22,0,0,1,1,0,0,1,0,1,1,0,0,1,1,1,1,0,1,1,1,0,1,1,0,0,1,0,0,0,1,1,1,0
92,15,140,0.5264189116303111,0.2949251538551086,0.9254832259459951,1353986,146.47301292419434,22,1,1,1,1,0,1,0,1,0,0,0,1,0,1,0,0,1,0,0,1,0,0,0,1,1,1,1,0,0,1,0,0,0
13,18,168,0.5265373320154885,0.2836518949712029,0.9254496963845567,1357570,166.34932398796082,23,1,0,1,1,0,1,1,1,0,1,0,0,1,0,0,1,1,1,1,0,0,0,1,1,1,1,0,0,0,1,0,1,0
68,17,168,0.5269113533315056,0.2921146150117116,0.925343746419224,1357570,177.80805087089539,26,1,0,1,1,0,1,0,1,0,1,1,0,0,0,0,0,1,0,0,1,0,1,1,1,1,1,0,0,0,1,0,1,1
36,21,192,0.5273955912343995,0.36515199789107516,0.9252064633668687,1360642,146.07663583755493,21,1,0,1,1,0,1,0,0,1,0,1,1,1,0,0,1,1,1,0,1,1,1,0,1,1,1,0,1,1,0,1,1,0
2,16,148,0.5286098346301641,0.2875546157535247,0.9248616667632834,1355010,189.83638048171997,26,1,1,1,0,0,1,0,0,0,0,1,0,1,0,1,1,0,1,1,1,1,1,1,0,0,0,0,0,0,1,0,0,1
94,18,164,0.5290992621856142,0.3170189849414093,0.9247224646796333,1357058,142.13981747627258,21,1,1,1,0,0,1,1,1,0,0,1,1,1,0,1,1,1,0,0,1,0,0,1,0,1,0,1,1,0,0,0,0,1
82,14,136,0.5305584132167028,0.3010475424748118,0.9243066910756476,1353474,196.78519105911255,29,0,1,0,0,0,0,1,0,1,0,0,0,0,0,0,0,0,1,1,0,0,1,1,1,0,1,1,1,1,0,0,1,1
112,13,116,0.530559509859841,0.2861901794670671,0.9243063781652062,1350914,267.8844256401062,40,0,1,0,1,0,0,0,0,0,1,0,1,0,0,0,1,0,1,0,1,0,1,1,1,0,0,0,1,1,1,0,0,0
31,20,180,0.5307152828294385,0.3486306627857802,0.9242619241465215,1359106,170.82895827293396,24,1,1,0,1,0,0,1,0,1,0,0,1,1,1,1,1,1,1,0,0,0,1,1,0,1,1,0,1,1,0,1,0,1
37,16,152,0.530722978061587,0.3297492549723687,0.9242597277662008,1355522,171.09407424926758,26,0,1,0,1,0,1,0,1,1,1,1,0,1,0,0,0,0,1,1,0,0,1,0,0,0,1,1,0,0,1,1,0,1
142,20,184,0.5320219889485143,0.2832847716985389,0.9238885064320411,1359618,198.6569538116455,29,1,0,0,1,1,0,1,1,1,0,1,1,1,0,1,1,1,0,1,1,0,0,1,0,1,1,1,0,0,1,0,1,0
35,21,204,0.5367042637289298,0.3070727905728543,0.9225429111553856,1362178,153.2820110321045,22,1,1,1,1,0,0,0,0,1,0,0,0,1,0,1,0,0,1,1,0,1,1,0,1,1,1,1,1,1,1,1,1,1
148,15,128,0.5370137624080328,0.2768010904540358,0.9224535517801605,1352450,189.06818652153015,28,0,1,0,1,0,0,1,1,1,1,1,0,0,0,1,0,0,1,1,0,0,0,0,0,1,1,1,0,1,0,0,1,0
81,15,136,0.5384125790628034,0.31561077883828426,0.9220490387237237,1353474,139.9028344154358,21,0,0,1,1,0,0,1,1,0,0,0,0,0,0,1,0,1,1,0,1,0,1,0,1,1,0,0,1,1,0,1,0,1
143,16,144,0.5386739330023452,0.3712409044591807,0.9219733431094319,1354498,207.14515018463135,29,0,0,1,1,0,0,0,1,0,1,1,1,0,1,0,0,1,1,0,0,1,0,1,1,0,0,0,1,1,0,1,1,0
76,18,164,0.5390470228409955,0.3116113335316343,0.9218652219166881,1357058,184.59408974647522,26,1,0,1,0,1,0,1,1,0,0,1,0,1,1,0,0,0,1,0,1,0,1,1,1,0,1,1,1,1,0,0,1,0
121,15,144,0.5405577789946999,0.2955669115447989,0.9214266404668162,1354498,156.98691034317017,23,1,0,0,1,0,1,0,0,1,0,1,1,0,1,0,1,0,1,0,0,1,1,0,0,1,1,0,0,0,1,0,0,1
11,14,132,0.5415929708078013,0.2937645358019365,0.9211254094603513,1352962,258.4323823451996,36,0,1,0,0,0,0,1,1,0,0,0,0,0,0,0,1,1,0,0,1,1,1,1,0,0,1,0,1,1,1,0,1,0
108,10,96,0.5417600690285121,0.3195001539541024,0.921076731439631,1348354,147.5002636909485,22,1,0,0,0,0,0,0,1,0,0,1,0,0,1,0,0,0,0,1,1,0,1,1,0,1,0,0,0,0,0,1,0,0
65,20,184,0.5423983158800313,0.2870943610451763,0.9208906630951471,1359618,205.19230937957764,29,0,1,1,0,0,1,0,1,1,1,1,0,1,1,1,0,1,0,0,0,1,1,1,1,0,1,0,1,1,1,1,0,0
53,14,128,0.5441552275103884,0.30935644688844594,0.920377338433365,1352450,181.75801706314087,28,0,1,1,0,0,0,0,0,1,0,1,1,1,1,0,1,1,0,0,1,0,0,0,0,1,1,1,0,0,0,0,0,1
18,11,100,0.5459439519190606,0.2999585888848122,0.9198530134816211,1348866,155.24016904830933,22,0,0,0,0,1,0,0,1,0,1,1,0,1,1,1,0,1,0,0,0,1,0,0,1,0,0,0,0,0,0,1,0,0
127,18,172,0.5483145102408001,0.32169251783812575,0.9191554854942076,1358082,159.77127385139465,22,1,1,1,0,1,0,1,0,0,0,0,0,0,1,0,1,1,1,1,1,0,0,0,1,1,0,0,1,0,1,1,1,1
34,18,160,0.5490210034101923,0.29661562001880676,0.9189470179350437,1356546,162.2225639820099,25,0,1,1,1,1,0,0,0,0,1,0,0,1,1,1,1,0,0,1,1,0,1,0,0,1,1,1,0,1,0,0,1,1
12,17,168,0.5491138585560617,0.3086432862281576,0.9189195988641059,1357570,220.10904669761658,31,1,1,0,1,1,0,0,0,0,0,1,0,0,1,0,1,0,0,1,1,1,1,1,0,0,1,1,1,0,0,1,0,1
125,16,156,0.5500513241043397,0.2984862419204075,0.9186425161971944,1356034,150.68032264709473,22,0,1,0,0,0,0,0,0,1,0,1,0,0,1,1,0,1,1,1,1,0,0,1,0,1,0,0,1,0,1,1,1,1
50,21,196,0.5518340518370611,0.3161033251914241,0.9181142990209145,1361154,190.0126805305481,29,1,1,1,0,0,1,1,0,1,0,1,0,0,1,0,1,1,1,0,0,0,1,1,1,1,1,1,0,1,0,1,1,1
20,15,148,0.5534008002873588,0.3247225620004014,0.9176486647633691,1355010,169.43972945213318,23,1,0,0,1,1,1,1,0,0,1,0,0,0,0,0,0,0,0,1,1,1,1,0,0,1,1,1,0,0,0,0,1,1
132,19,184,0.554261392523604,0.316448947779415,0.9173923368892152,1359618,160.65001249313354,22,0,1,1,0,1,0,1,0,0,0,1,0,0,1,1,0,0,0,0,1,1,1,0,1,1,1,1,1,1,0,1,1,1
78,13,108,0.5566595959008738,0.3636601507497836,0.9166759291618756,1349890,149.5194001197815,21,1,1,1,0,0,0,0,0,0,0,0,1,1,0,1,1,0,0,1,1,1,0,0,0,0,0,0,1,1,0,1,0,0
64,19,168,0.5569215977349639,0.32462150855683247,0.9165974747630499,1357570,163.5620355606079,23,1,0,0,0,1,1,0,0,1,1,0,1,1,0,1,0,1,1,1,1,0,1,1,0,1,1,0,1,1,0,1,0,0
4,16,140,0.5572427036178713,0.3114106738796515,0.9165012717706617,1353986,157.04929161071777,21,0,0,1,0,1,1,0,0,1,0,0,0,0,1,1,1,1,1,0,1,1,1,1,0,0,0,0,1,1,0,1,0,0
138,17,152,0.5582196849154873,0.3212366335316877,0.9162082281572834,1355522,220.7314887046814,33,1,1,1,1,0,1,1,1,0,0,0,0,0,1,1,0,1,0,0,0,1,0,0,0,1,0,1,1,1,1,0,0,1
88,15,144,0.5586893377010146,0.3502759850546103,0.916067174035527,1354498,159.60610461235046,24,1,1,0,1,0,0,0,1,0,0,1,0,0,0,1,1,0,1,1,0,1,1,1,0,1,1,0,0,0,0,1,0,0
1,14,120,0.5594591917767288,0.3086488365042236,0.9158357017553592,1351426,259.7020845413208,23,0,1,1,1,0,0,0,1,1,1,0,1,1,0,0,0,0,1,0,0,1,0,0,0,0,1,0,1,1,0,1,0,0
120,13,112,0.560415031666292,0.3058367032192072,0.9155478655115111,1350402,188.21855664253235,28,1,1,0,1,0,1,0,0,1,0,0,0,0,1,1,0,0,0,0,1,1,0,0,0,1,1,0,0,1,1,0,0,0
63,16,140,0.5610455982557221,0.37768481544874166,0.9153577112480447,1353986,160.28946375846863,23,0,1,1,0,0,0,0,1,1,1,0,0,1,1,0,1,1,0,0,1,0,0,0,0,1,1,0,1,1,1,0,0,1
24,17,164,0.5620863310849047,0.36627500955117703,0.9150433991426895,1357058,152.23906254768372,21,1,0,0,0,1,0,1,1,1,0,1,0,1,0,0,1,0,0,1,1,1,1,1,0,0,0,1,1,0,0,1,0,1
8,19,184,0.5621040526884395,0.2937643816720161,0.9150380419907762,1359618,267.7089352607727,37,1,1,0,0,1,0,0,1,0,1,1,1,0,0,1,0,1,1,1,0,0,1,0,0,1,1,1,1,0,1,1,0,1
147,13,112,0.5627190649632485,0.32227087845973,0.9148520222234771,1350402,150.67218708992004,21,1,0,0,0,0,0,1,0,1,0,0,1,1,1,1,0,1,0,0,0,0,0,1,1,0,0,0,0,1,0,1,0,1
126,17,160,0.5636753382204001,0.38034603790173116,0.9145623788654136,1356546,161.87661957740784,23,1,1,1,0,0,0,0,1,1,1,0,1,0,1,1,0,0,0,1,1,1,0,0,1,1,0,0,1,0,0,0,1,1
29,17,164,0.5692629775300337,0.3439721714656546,0.9128601195939579,1357058,160.92871570587158,22,0,0,0,1,1,0,0,1,1,1,0,0,0,1,0,1,0,1,1,1,0,0,0,1,1,1,1,1,0,1,0,0,1
97,16,148,0.5692646870929412,0.3136797808236027,0.9128595962107875,1355010,189.46495699882507,28,1,0,1,0,0,0,0,0,1,1,1,1,0,0,0,0,1,1,0,0,1,1,0,1,1,0,0,1,1,1,0,0,1
3,17,156,0.5694082542347843,0.3376285158217356,0.9128156374810327,1356034,172.86494421958923,23,0,1,0,1,1,0,0,1,1,1,1,0,0,0,1,1,0,0,0,0,1,1,1,0,0,1,1,1,1,0,1,0,0
5,15,148,0.5790951624062777,0.3769954970790505,0.9098240028375082,1355010,192.93591141700745,26,0,0,1,0,1,1,0,1,1,0,0,0,0,0,1,1,0,0,1,0,0,0,1,0,1,1,0,1,0,1,1,1,0
30,13,124,0.580380028671124,0.3396771126964981,0.9094234032787396,1351938,165.68582272529602,23,0,0,1,0,1,0,0,0,0,1,0,1,0,1,1,1,0,0,0,1,0,0,1,0,1,0,0,1,0,1,0,0,1
122,13,132,0.5845560484746457,0.34741106020563634,0.9081152587648171,1352962,150.34927701950073,22,0,0,0,0,0,1,0,1,1,1,0,0,0,0,0,1,0,0,0,1,0,1,0,1,1,0,0,0,0,1,1,1,1
130,15,132,0.586342835798017,0.4178685848522437,0.9075526800011757,1352962,158.92588925361633,22,0,0,0,0,1,0,0,1,0,1,0,1,1,1,1,0,0,1,1,0,0,0,0,0,1,0,0,1,1,1,1,0,1
54,14,140,0.5894621230767287,0.3301444112988271,0.9065664419807433,1353986,161.05767345428467,23,0,1,0,0,0,1,1,1,0,0,1,0,1,0,0,0,0,1,0,0,0,0,1,1,1,1,0,1,0,0,1,0,1
21,14,128,0.5916133907541826,0.3661617471963525,0.9058832178491815,1352450,202.4017186164856,29,0,1,1,0,0,0,0,0,0,0,0,1,0,1,0,1,0,0,1,1,1,0,0,1,1,1,1,0,1,0,0,0,1
145,15,132,0.5975147803504721,0.32269225170089394,0.9039962085772613,1352962,151.8885178565979,21,1,1,1,1,0,1,0,1,0,1,1,0,1,1,1,0,1,0,0,0,0,1,0,1,0,0,0,0,0,0,1,0,0
46,15,156,0.6099401681667516,0.3432879022391148,0.8999618734857727,1356034,243.80619621276855,37,0,0,1,0,0,0,0,0,0,1,1,1,0,0,1,1,0,0,0,0,0,1,1,1,1,1,1,1,0,0,0,1,1
19,11,108,0.6101282578647661,0.3565303591673122,0.8999001656554226,1349890,165.2732002735138,22,1,0,1,0,0,0,0,0,0,0,0,0,0,0,1,1,0,1,1,0,1,1,0,0,1,1,0,0,0,0,1,0,0
41,16,140,0.6121613796440359,0.3853409345807523,0.89923193160458,1353986,144.99182605743408,22,0,0,1,0,1,0,0,1,1,0,1,1,0,1,1,1,0,1,0,0,0,0,1,1,1,0,0,0,1,0,1,1,0
118,17,176,0.6152707876346618,0.34689365603823413,0.8982056506005426,1358594,198.67058396339417,29,1,0,0,0,0,0,1,1,0,0,0,0,1,0,0,0,1,1,0,1,1,1,0,1,1,1,1,1,0,1,1,1,0
99,15,136,0.6634027304399639,0.4124544010406272,0.8816561786078296,1353474,176.40909099578857,26,0,0,0,1,1,1,0,0,1,1,1,0,1,0,1,1,1,0,1,0,0,0,1,0,0,1,0,1,0,0,1,0,0
110,16,156,0.6683768853124243,0.5281281586293877,0.8798748553190459,1356034,149.55958080291748,21,1,0,1,0,1,0,0,0,0,1,0,1,1,1,0,0,1,0,0,1,1,1,0,1,0,0,1,0,0,0,1,1,1
70,10,100,0.7477833894046565,0.455519429244632,0.8496364026901033,1348866,142.45144128799438,21,1,1,0,0,0,0,0,0,0,1,0,0,0,1,0,0,1,0,0,0,0,0,0,1,1,1,0,1,0,0,1,0,0
38,16,148,1.0631286923348313,0.6627002092339014,0.6960775664119181,1355010,175.7912986278534,27,0,0,1,0,1,0,0,1,0,1,0,0,0,1,0,1,0,1,0,1,1,1,1,1,1,0,0,1,1,1,0,0,0
144,11,104,1.2099678212141547,0.6562327752132123,0.6063241983623242,1349378,163.92889714241028,24,1,0,0,0,0,0,0,1,1,1,0,0,0,1,1,0,0,1,0,0,1,1,0,0,1,0,0,0,0,0,1,0,0
71,14,124,2.212951163744626,1.368535122994722,-0.3168452428620603,1351938,138.29127597808838,20,1,1,0,1,1,0,0,0,0,0,1,1,1,0,1,1,1,0,1,0,0,0,1,1,0,0,0,0,0,0,1,0,0
136,15,128,2.2690405885825013,1.4082605142331022,-0.3844446861126336,1352450,137.81660318374634,20,0,1,0,0,1,0,1,1,0,1,0,0,0,1,1,1,1,0,0,1,0,0,0,1,1,0,0,1,1,0,1,0,0
107,14,112,2.340760675732743,1.3285355467830895,-0.4733472100576257,1350402,137.190913438797,20,0,1,0,1,1,0,1,1,1,0,1,0,0,0,1,1,1,1,0,0,0,0,0,0,0,0,0,0,1,1,1,0,0
