stage,tag,feature_set,config_id,fidelity_epochs,rmse,mae,r2,n_features,total_params,training_time,epochs_trained,params_json
Stage A,all_33,all_33,,200,0.3644724058368933,0.17257063018634544,0.9642962266517595,292,1029826,1726.8555793762207,200,{}
Stage A,sweep_best_rmse_20,sweep_best_rmse_20,,200,0.34981972277848167,0.1674314400538551,0.9671092791030337,180,1019074,1601.4610040187836,200,{}
Stage A,sweep_lean_14,sweep_lean_14,,200,0.3603229874398689,0.18256220712717994,0.9651045543531507,116,1012930,1592.0695433616638,200,{}
Stage A,ridge_positive_17,ridge_positive_17,,200,0.34584959381544134,0.15895838361000272,0.9678516010022323,160,1017154,1613.801524400711,200,{}
Stage B rung 1,config #1,ridge_positive_17,1,60,0.3249676015220322,0.15390405255123324,0.9716165658659963,,1412418,516.6067461967468,60,"{""weight_decay"": 0.001, ""scheduler_pct_start"": 0.4, ""num_layers_temporal"": 4, ""num_layers_spatial"": 3, ""nhead_temporal"": 2, ""nhead_spatial"": 4, ""learning_rate"": 0.0002, ""dropout_rate"": 0.2, ""dim_feedforward"": 1024, ""d_model"": 96, ""batch_size"": 128, ""aug_stretch_range"": [0.9, 1.1], ""aug_p"": 0.5, ""aug_noise_std"": 0.05, ""aug_channel_dropout"": 0.1}"
Stage B rung 1,config #2,ridge_positive_17,2,60,0.44415531317059237,0.2224298654169952,0.9469781919388626,,1619714,527.3729829788208,60,"{""weight_decay"": 0.005, ""scheduler_pct_start"": 0.3, ""num_layers_temporal"": 4, ""num_layers_spatial"": 3, ""nhead_temporal"": 4, ""nhead_spatial"": 4, ""learning_rate"": 0.0003, ""dropout_rate"": 0.5, ""dim_feedforward"": 512, ""d_model"": 128, ""batch_size"": 128, ""aug_stretch_range"": [0.75, 1.25], ""aug_p"": 0.5, ""aug_noise_std"": 0.05, ""aug_channel_dropout"": 0.25}"
Stage B rung 1,config #3,ridge_positive_17,3,60,0.4091968472386728,0.20467445491972636,0.9549961811694586,,1223298,398.2423870563507,60,"{""weight_decay"": 1e-05, ""scheduler_pct_start"": 0.3, ""num_layers_temporal"": 3, ""num_layers_spatial"": 3, ""nhead_temporal"": 4, ""nhead_spatial"": 4, ""learning_rate"": 0.0003, ""dropout_rate"": 0.35, ""dim_feedforward"": 512, ""d_model"": 128, ""batch_size"": 128, ""aug_stretch_range"": [0.9, 1.1], ""aug_p"": 0.5, ""aug_noise_std"": 0.05, ""aug_channel_dropout"": 0.1}"
Stage B rung 1,config #4,ridge_positive_17,4,60,0.37469276474463237,0.19306927620199774,0.9622657759394126,,2354370,778.5950841903687,60,"{""weight_decay"": 0.001, ""scheduler_pct_start"": 0.4, ""num_layers_temporal"": 3, ""num_layers_spatial"": 4, ""nhead_temporal"": 4, ""nhead_spatial"": 8, ""learning_rate"": 0.0008, ""dropout_rate"": 0.25, ""dim_feedforward"": 512, ""d_model"": 160, ""batch_size"": 64, ""aug_stretch_range"": [0.9, 1.1], ""aug_p"": 0.8, ""aug_noise_std"": 0.05, ""aug_channel_dropout"": 0.1}"
Stage B rung 1,config #5,ridge_positive_17,5,60,0.35759361361773384,0.16075710116813097,0.9656312040369277,,3011778,813.0735521316528,60,"{""weight_decay"": 1e-05, ""scheduler_pct_start"": 0.2, ""num_layers_temporal"": 4, ""num_layers_spatial"": 3, ""nhead_temporal"": 2, ""nhead_spatial"": 8, ""learning_rate"": 0.0008, ""dropout_rate"": 0.2, ""dim_feedforward"": 1024, ""d_model"": 160, ""batch_size"": 64, ""aug_stretch_range"": [0.9, 1.1], ""aug_p"": 0.5, ""aug_noise_std"": 0.05, ""aug_channel_dropout"": 0.1}"
Stage B rung 1,config #6,ridge_positive_17,6,60,0.3639636618466515,0.18322237264311694,0.964395830368165,,1017154,471.667512178421,60,"{""weight_decay"": 1e-05, ""scheduler_pct_start"": 0.05, ""num_layers_temporal"": 4, ""num_layers_spatial"": 3, ""nhead_temporal"": 2, ""nhead_spatial"": 4, ""learning_rate"": 0.0005, ""dropout_rate"": 0.25, ""dim_feedforward"": 512, ""d_model"": 96, ""batch_size"": 128, ""aug_stretch_range"": [0.9, 1.1], ""aug_p"": 0.5, ""aug_noise_std"": 0.05, ""aug_channel_dropout"": 0.25}"
Stage B rung 1,config #7,ridge_positive_17,7,60,0.37137562650845457,0.17975520215760463,0.9629309373120185,,2354370,787.0089733600616,60,"{""weight_decay"": 0.001, ""scheduler_pct_start"": 0.05, ""num_layers_temporal"": 4, ""num_layers_spatial"": 3, ""nhead_temporal"": 4, ""nhead_spatial"": 4, ""learning_rate"": 0.0005, ""dropout_rate"": 0.25, ""dim_feedforward"": 512, ""d_model"": 160, ""batch_size"": 64, ""aug_stretch_range"": [0.75, 1.25], ""aug_p"": 0.8, ""aug_noise_std"": 0.1, ""aug_channel_dropout"": 0.25}"
Stage B rung 1,config #8,ridge_positive_17,8,60,0.397900432429643,0.18382247492808332,0.9574466620866579,,2146050,547.8057203292847,60,"{""weight_decay"": 0.0001, ""scheduler_pct_start"": 0.4, ""num_layers_temporal"": 3, ""num_layers_spatial"": 4, ""nhead_temporal"": 2, ""nhead_spatial"": 4, ""learning_rate"": 0.0008, ""dropout_rate"": 0.25, ""dim_feedforward"": 1024, ""d_model"": 128, ""batch_size"": 128, ""aug_stretch_range"": [0.9, 1.1], ""aug_p"": 0.5, ""aug_noise_std"": 0.05, ""aug_channel_dropout"": 0.1}"
Stage B rung 1,config #9,ridge_positive_17,9,60,0.3552358570191228,0.15800632886321045,0.9660829241470621,,1017154,674.3150787353516,60,"{""weight_decay"": 0.001, ""scheduler_pct_start"": 0.2, ""num_layers_temporal"": 3, ""num_layers_spatial"": 4, ""nhead_temporal"": 2, ""nhead_spatial"": 8, ""learning_rate"": 0.0008, ""dropout_rate"": 0.2, ""dim_feedforward"": 512, ""d_model"": 96, ""batch_size"": 64, ""aug_stretch_range"": [0.9, 1.1], ""aug_p"": 0.5, ""aug_noise_std"": 0.1, ""aug_channel_dropout"": 0.25}"
Stage B rung 1,config #10,ridge_positive_17,10,60,0.3857598795887487,0.19458746856612974,0.960003782187709,,2146050,555.3806691169739,60,"{""weight_decay"": 0.001, ""scheduler_pct_start"": 0.3, ""num_layers_temporal"": 4, ""num_layers_spatial"": 4, ""nhead_temporal"": 2, ""nhead_spatial"": 4, ""learning_rate"": 0.0001, ""dropout_rate"": 0.35, ""dim_feedforward"": 1024, ""d_model"": 128, ""batch_size"": 128, ""aug_stretch_range"": [0.75, 1.25], ""aug_p"": 0.8, ""aug_noise_std"": 0.1, ""aug_channel_dropout"": 0.25}"
Stage B rung 1,config #11,ridge_positive_17,11,60,0.41844592963345534,0.20617951303682594,0.9529387449196336,,2354370,603.494039773941,60,"{""weight_decay"": 1e-05, ""scheduler_pct_start"": 0.4, ""num_layers_temporal"": 4, ""num_layers_spatial"": 3, ""nhead_temporal"": 4, ""nhead_spatial"": 4, ""learning_rate"": 0.0003, ""dropout_rate"": 0.35, ""dim_feedforward"": 512, ""d_model"": 160, ""batch_size"": 128, ""aug_stretch_range"": [0.9, 1.1], ""aug_p"": 0.8, ""aug_noise_std"": 0.05, ""aug_channel_dropout"": 0.25}"
Stage B rung 1,config #12,ridge_positive_17,12,60,0.3670569131051978,0.18592531727729314,0.9637880738732308,,1618050,598.0680317878723,60,"{""weight_decay"": 0.005, ""scheduler_pct_start"": 0.05, ""num_layers_temporal"": 3, ""num_layers_spatial"": 3, ""nhead_temporal"": 2, ""nhead_spatial"": 8, ""learning_rate"": 0.0003, ""dropout_rate"": 0.25, ""dim_feedforward"": 1024, ""d_model"": 128, ""batch_size"": 64, ""aug_stretch_range"": [0.75, 1.25], ""aug_p"": 0.8, ""aug_noise_std"": 0.05, ""aug_channel_dropout"": 0.1}"
Stage B rung 1,config #13,ridge_positive_17,13,60,0.393454495997234,0.20700084797571605,0.9583922880116437,,1065314,407.62477827072144,60,"{""weight_decay"": 0.005, ""scheduler_pct_start"": 0.1, ""num_layers_temporal"": 3, ""num_layers_spatial"": 3, ""nhead_temporal"": 4, ""nhead_spatial"": 4, ""learning_rate"": 0.0008, ""dropout_rate"": 0.25, ""dim_feedforward"": 1024, ""d_model"": 96, ""batch_size"": 128, ""aug_stretch_range"": [0.9, 1.1], ""aug_p"": 0.8, ""aug_noise_std"": 0.05, ""aug_channel_dropout"": 0.1}"
Stage B rung 1,config #14,ridge_positive_17,14,60,0.3612492249129302,0.1849257627572754,0.9649249210079831,,1017154,479.2879362106323,60,"{""weight_decay"": 0.001, ""scheduler_pct_start"": 0.2, ""num_layers_temporal"": 3, ""num_layers_spatial"": 4, ""nhead_temporal"": 4, ""nhead_spatial"": 4, ""learning_rate"": 0.0005, ""dropout_rate"": 0.25, ""dim_feedforward"": 512, ""d_model"": 96, ""batch_size"": 128, ""aug_stretch_range"": [0.75, 1.25], ""aug_p"": 0.5, ""aug_noise_std"": 0.05, ""aug_channel_dropout"": 0.1}"
Stage B rung 1,config #15,ridge_positive_17,15,60,0.3704474938590925,0.17673051046755037,0.9631159899263722,,1618050,602.1381120681763,60,"{""weight_decay"": 0.0001, ""scheduler_pct_start"": 0.1, ""num_layers_temporal"": 3, ""num_layers_spatial"": 3, ""nhead_temporal"": 4, ""nhead_spatial"": 4, ""learning_rate"": 0.0008, ""dropout_rate"": 0.25, ""dim_feedforward"": 1024, ""d_model"": 128, ""batch_size"": 64, ""aug_stretch_range"": [0.75, 1.25], ""aug_p"": 0.5, ""aug_noise_std"": 0.1, ""aug_channel_dropout"": 0.1}"
Stage B rung 1,config #16,ridge_positive_17,16,60,0.48037444264544504,0.24439433219084708,0.9379781670360505,,3011778,822.4471635818481,60,"{""weight_decay"": 1e-05, ""scheduler_pct_start"": 0.4, ""num_layers_temporal"": 4, ""num_layers_spatial"": 3, ""nhead_temporal"": 4, ""nhead_spatial"": 4, ""learning_rate"": 0.0008, ""dropout_rate"": 0.5, ""dim_feedforward"": 1024, ""d_model"": 160, ""batch_size"": 64, ""aug_stretch_range"": [0.75, 1.25], ""aug_p"": 0.8, ""aug_noise_std"": 0.1, ""aug_channel_dropout"": 0.25}"
Stage B rung 1,config #17,ridge_positive_17,17,60,0.3557758444578151,0.17645560781634492,0.9659797323405725,,1618050,580.9463727474213,60,"{""weight_decay"": 0.0001, ""scheduler_pct_start"": 0.05, ""num_layers_temporal"": 3, ""num_layers_spatial"": 3, ""nhead_temporal"": 2, ""nhead_spatial"": 4, ""learning_rate"": 0.0001, ""dropout_rate"": 0.2, ""dim_feedforward"": 1024, ""d_model"": 128, ""batch_size"": 64, ""aug_stretch_range"": [0.75, 1.25], ""aug_p"": 0.8, ""aug_noise_std"": 0.05, ""aug_channel_dropout"": 0.25}"
Stage B rung 1,config #18,ridge_positive_17,18,60,0.33598796564876937,0.14408725957075755,0.9696588348595591,,2146050,739.1606824398041,60,"{""weight_decay"": 0.0001, ""scheduler_pct_start"": 0.2, ""num_layers_temporal"": 4, ""num_layers_spatial"": 3, ""nhead_temporal"": 2, ""nhead_spatial"": 4, ""learning_rate"": 0.0003, ""dropout_rate"": 0.2, ""dim_feedforward"": 1024, ""d_model"": 128, ""batch_size"": 64, ""aug_stretch_range"": [0.75, 1.25], ""aug_p"": 0.5, ""aug_noise_std"": 0.1, ""aug_channel_dropout"": 0.1}"
Stage B rung 1,config #19,ridge_positive_17,19,60,0.4399022367911651,0.22638537455701735,0.9479887668902782,,2146050,732.4859466552734,60,"{""weight_decay"": 0.005, ""scheduler_pct_start"": 0.05, ""num_layers_temporal"": 4, ""num_layers_spatial"": 4, ""nhead_temporal"": 2, ""nhead_spatial"": 4, ""learning_rate"": 0.0008, ""dropout_rate"": 0.35, ""dim_feedforward"": 1024, ""d_model"": 128, ""batch_size"": 64, ""aug_stretch_range"": [0.75, 1.25], ""aug_p"": 0.8, ""aug_noise_std"": 0.05, ""aug_channel_dropout"": 0.25}"
Stage B rung 1,config #20,ridge_positive_17,20,60,0.3513596333271861,0.15931681921998583,0.9668190710730348,,2354370,779.9968991279602,60,"{""weight_decay"": 0.005, ""scheduler_pct_start"": 0.3, ""num_layers_temporal"": 4, ""num_layers_spatial"": 4, ""nhead_temporal"": 4, ""nhead_spatial"": 8, ""learning_rate"": 0.0003, ""dropout_rate"": 0.2, ""dim_feedforward"": 512, ""d_model"": 160, ""batch_size"": 64, ""aug_stretch_range"": [0.9, 1.1], ""aug_p"": 0.5, ""aug_noise_std"": 0.05, ""aug_channel_dropout"": 0.1}"
Stage B rung 1,config #21,ridge_positive_17,21,60,0.5088389635421731,0.2557532190891118,0.9304102095856717,,2354370,786.4719331264496,60,"{""weight_decay"": 0.005, ""scheduler_pct_start"": 0.4, ""num_layers_temporal"": 3, ""num_layers_spatial"": 4, ""nhead_temporal"": 4, ""nhead_spatial"": 4, ""learning_rate"": 0.0003, ""dropout_rate"": 0.5, ""dim_feedforward"": 512, ""d_model"": 160, ""batch_size"": 64, ""aug_stretch_range"": [0.75, 1.25], ""aug_p"": 0.8, ""aug_noise_std"": 0.05, ""aug_channel_dropout"": 0.1}"
Stage B rung 1,config #22,ridge_positive_17,22,60,0.39057646146091507,0.1957576972503756,0.9589987645742633,,2354370,625.9254169464111,60,"{""weight_decay"": 1e-05, ""scheduler_pct_start"": 0.4, ""num_layers_temporal"": 4, ""num_layers_spatial"": 4, ""nhead_temporal"": 4, ""nhead_spatial"": 8, ""learning_rate"": 0.0002, ""dropout_rate"": 0.35, ""dim_feedforward"": 512, ""d_model"": 160, ""batch_size"": 128, ""aug_stretch_range"": [0.75, 1.25], ""aug_p"": 0.5, ""aug_noise_std"": 0.1, ""aug_channel_dropout"": 0.25}"
Stage B rung 1,config #23,ridge_positive_17,23,60,0.5430134556875855,0.31349163675174696,0.9207487734061076,,2146050,733.8691954612732,60,"{""weight_decay"": 1e-05, ""scheduler_pct_start"": 0.3, ""num_layers_temporal"": 4, ""num_layers_spatial"": 4, ""nhead_temporal"": 4, ""nhead_spatial"": 4, ""learning_rate"": 0.0008, ""dropout_rate"": 0.5, ""dim_feedforward"": 1024, ""d_model"": 128, ""batch_size"": 64, ""aug_stretch_range"": [0.75, 1.25], ""aug_p"": 0.8, ""aug_noise_std"": 0.1, ""aug_channel_dropout"": 0.1}"
Stage B rung 1,config #24,ridge_positive_17,24,60,0.3522887037421402,0.17719764124136864,0.9666433640558288,,2270114,511.32343792915344,60,"{""weight_decay"": 1e-05, ""scheduler_pct_start"": 0.05, ""num_layers_temporal"": 3, ""num_layers_spatial"": 3, ""nhead_temporal"": 4, ""nhead_spatial"": 8, ""learning_rate"": 0.0001, ""dropout_rate"": 0.25, ""dim_feedforward"": 1024, ""d_model"": 160, ""batch_size"": 128, ""aug_stretch_range"": [0.9, 1.1], ""aug_p"": 0.8, ""aug_noise_std"": 0.05, ""aug_channel_dropout"": 0.25}"
Stage B rung 1,config #25,ridge_positive_17,25,60,0.3833749953194166,0.18989813698283453,0.9604967909327208,,768866,550.8922407627106,60,"{""weight_decay"": 0.001, ""scheduler_pct_start"": 0.2, ""num_layers_temporal"": 3, ""num_layers_spatial"": 3, ""nhead_temporal"": 4, ""nhead_spatial"": 8, ""learning_rate"": 0.0008, ""dropout_rate"": 0.25, ""dim_feedforward"": 512, ""d_model"": 96, ""batch_size"": 64, ""aug_stretch_range"": [0.75, 1.25], ""aug_p"": 0.8, ""aug_noise_std"": 0.05, ""aug_channel_dropout"": 0.1}"
Stage B rung 1,config #26,ridge_positive_17,26,60,0.34984465291105643,0.15713277196002018,0.967104590978283,,1412418,522.21626329422,60,"{""weight_decay"": 0.005, ""scheduler_pct_start"": 0.4, ""num_layers_temporal"": 4, ""num_layers_spatial"": 4, ""nhead_temporal"": 4, ""nhead_spatial"": 8, ""learning_rate"": 0.0005, ""dropout_rate"": 0.2, ""dim_feedforward"": 1024, ""d_model"": 96, ""batch_size"": 128, ""aug_stretch_range"": [0.9, 1.1], ""aug_p"": 0.8, ""aug_noise_std"": 0.1, ""aug_channel_dropout"": 0.25}"
Stage B rung 1,config #27,ridge_positive_17,27,60,0.34792617724197783,0.1832317219309279,0.9674643849774025,,768866,367.4593577384949,60,"{""weight_decay"": 0.005, ""scheduler_pct_start"": 0.2, ""num_layers_temporal"": 3, ""num_layers_spatial"": 3, ""nhead_temporal"": 4, ""nhead_spatial"": 4, ""learning_rate"": 0.0002, ""dropout_rate"": 0.25, ""dim_feedforward"": 512, ""d_model"": 96, ""batch_size"": 128, ""aug_stretch_range"": [0.75, 1.25], ""aug_p"": 0.5, ""aug_noise_std"": 0.05, ""aug_channel_dropout"": 0.25}"
Stage B rung 1,config #28,ridge_positive_17,28,60,0.3618101668681942,0.17402355859070914,0.9648159084061084,,2354370,626.7544000148773,60,"{""weight_decay"": 0.005, ""scheduler_pct_start"": 0.3, ""num_layers_temporal"": 4, ""num_layers_spatial"": 4, ""nhead_temporal"": 4, ""nhead_spatial"": 8, ""learning_rate"": 0.0002, ""dropout_rate"": 0.25, ""dim_feedforward"": 512, ""d_model"": 160, ""batch_size"": 128, ""aug_stretch_range"": [0.75, 1.25], ""aug_p"": 0.8, ""aug_noise_std"": 0.1, ""aug_channel_dropout"": 0.1}"
Stage B rung 1,config #29,ridge_positive_17,29,60,0.3695509985737302,0.17638586496772712,0.9632942949809873,,3011778,808.6764740943909,60,"{""weight_decay"": 0.005, ""scheduler_pct_start"": 0.05, ""num_layers_temporal"": 4, ""num_layers_spatial"": 4, ""nhead_temporal"": 4, ""nhead_spatial"": 4, ""learning_rate"": 0.0001, ""dropout_rate"": 0.25, ""dim_feedforward"": 1024, ""d_model"": 160, ""batch_size"": 64, ""aug_stretch_range"": [0.75, 1.25], ""aug_p"": 0.5, ""aug_noise_std"": 0.05, ""aug_channel_dropout"": 0.25}"
Stage B rung 1,config #30,ridge_positive_17,30,60,0.3445705459062995,0.17640105741361914,0.9680889487272346,,2354370,608.5882003307343,60,"{""weight_decay"": 0.0001, ""scheduler_pct_start"": 0.1, ""num_layers_temporal"": 3, ""num_layers_spatial"": 4, ""nhead_temporal"": 4, ""nhead_spatial"": 4, ""learning_rate"": 0.0001, ""dropout_rate"": 0.25, ""dim_feedforward"": 512, ""d_model"": 160, ""batch_size"": 128, ""aug_stretch_range"": [0.75, 1.25], ""aug_p"": 0.5, ""aug_noise_std"": 0.05, ""aug_channel_dropout"": 0.1}"
Stage B rung 1,config #31,ridge_positive_17,31,60,0.347734383929921,0.1562042426154808,0.9675002454205119,,2354370,768.7261955738068,60,"{""weight_decay"": 0.0001, ""scheduler_pct_start"": 0.4, ""num_layers_temporal"": 4, ""num_layers_spatial"": 4, ""nhead_temporal"": 4, ""nhead_spatial"": 8, ""learning_rate"": 0.0003, ""dropout_rate"": 0.2, ""dim_feedforward"": 512, ""d_model"": 160, ""batch_size"": 64, ""aug_stretch_range"": [0.9, 1.1], ""aug_p"": 0.8, ""aug_noise_std"": 0.1, ""aug_channel_dropout"": 0.25}"
Stage B rung 1,config #32,ridge_positive_17,32,60,0.3660644710355552,0.16527857948427244,0.9639836274946902,,1065314,563.4293761253357,60,"{""weight_decay"": 0.001, ""scheduler_pct_start"": 0.3, ""num_layers_temporal"": 3, ""num_layers_spatial"": 3, ""nhead_temporal"": 2, ""nhead_spatial"": 8, ""learning_rate"": 0.0008, ""dropout_rate"": 0.2, ""dim_feedforward"": 1024, ""d_model"": 96, ""batch_size"": 64, ""aug_stretch_range"": [0.9, 1.1], ""aug_p"": 0.5, ""aug_noise_std"": 0.05, ""aug_channel_dropout"": 0.1}"
Stage B rung 1,config #33,ridge_positive_17,33,60,0.4630555288741421,0.23118444792407825,0.9423696897046134,,2354370,776.3709299564362,60,"{""weight_decay"": 0.0001, ""scheduler_pct_start"": 0.4, ""num_layers_temporal"": 4, ""num_layers_spatial"": 4, ""nhead_temporal"": 4, ""nhead_spatial"": 8, ""learning_rate"": 0.0005, ""dropout_rate"": 0.5, ""dim_feedforward"": 512, ""d_model"": 160, ""batch_size"": 64, ""aug_stretch_range"": [0.75, 1.25], ""aug_p"": 0.5, ""aug_noise_std"": 0.1, ""aug_channel_dropout"": 0.25}"
Stage B rung 1,config #34,ridge_positive_17,34,60,0.38500922016307226,0.2094326547786835,0.9601592899411955,,1619714,501.2899715900421,60,"{""weight_decay"": 0.005, ""scheduler_pct_start"": 0.05, ""num_layers_temporal"": 3, ""num_layers_spatial"": 4, ""nhead_temporal"": 2, ""nhead_spatial"": 4, ""learning_rate"": 0.0008, ""dropout_rate"": 0.25, ""dim_feedforward"": 512, ""d_model"": 128, ""batch_size"": 128, ""aug_stretch_range"": [0.9, 1.1], ""aug_p"": 0.8, ""aug_noise_std"": 0.1, ""aug_channel_dropout"": 0.1}"
Stage B rung 1,config #35,ridge_positive_17,35,60,0.4940714633129043,0.2512695523233765,0.9343908591171107,,1412418,711.875102519989,60,"{""weight_decay"": 0.001, ""scheduler_pct_start"": 0.2, ""num_layers_temporal"": 4, ""num_layers_spatial"": 4, ""nhead_temporal"": 4, ""nhead_spatial"": 8, ""learning_rate"": 0.0002, ""dropout_rate"": 0.5, ""dim_feedforward"": 1024, ""d_model"": 96, ""batch_size"": 64, ""aug_stretch_range"": [0.75, 1.25], ""aug_p"": 0.5, ""aug_noise_std"": 0.1, ""aug_channel_dropout"": 0.1}"
Stage B rung 1,config #36,ridge_positive_17,36,60,0.51135055567741,0.26141244216830073,0.9297215338496261,,1619714,692.6285557746887,60,"{""weight_decay"": 0.005, ""scheduler_pct_start"": 0.4, ""num_layers_temporal"": 4, ""num_layers_spatial"": 4, ""nhead_temporal"": 4, ""nhead_spatial"": 8, ""learning_rate"": 0.0002, ""dropout_rate"": 0.5, ""dim_feedforward"": 512, ""d_model"": 128, ""batch_size"": 64, ""aug_stretch_range"": [0.9, 1.1], ""aug_p"": 0.8, ""aug_noise_std"": 0.1, ""aug_channel_dropout"": 0.1}"
Stage B rung 1,config #37,ridge_positive_17,37,60,0.41249080286195766,0.2026263547859539,0.9542687208425069,,768866,385.6247215270996,60,"{""weight_decay"": 0.001, ""scheduler_pct_start"": 0.4, ""num_layers_temporal"": 3, ""num_layers_spatial"": 3, ""nhead_temporal"": 4, ""nhead_spatial"": 8, ""learning_rate"": 0.0008, ""dropout_rate"": 0.35, ""dim_feedforward"": 512, ""d_model"": 96, ""batch_size"": 128, ""aug_stretch_range"": [0.9, 1.1], ""aug_p"": 0.8, ""aug_noise_std"": 0.05, ""aug_channel_dropout"": 0.1}"
Stage B rung 1,config #38,ridge_positive_17,38,60,0.4856186688482236,0.24474864081571052,0.9366165961531886,,2146050,734.8051931858063,60,"{""weight_decay"": 1e-05, ""scheduler_pct_start"": 0.4, ""num_layers_temporal"": 4, ""num_layers_spatial"": 3, ""nhead_temporal"": 2, ""nhead_spatial"": 4, ""learning_rate"": 0.0001, ""dropout_rate"": 0.5, ""dim_feedforward"": 1024, ""d_model"": 128, ""batch_size"": 64, ""aug_stretch_range"": [0.75, 1.25], ""aug_p"": 0.5, ""aug_noise_std"": 0.1, ""aug_channel_dropout"": 0.1}"
Stage B rung 1,config #39,ridge_positive_17,39,60,0.4091522319820015,0.2046161279201621,0.9550059942825472,,1777058,481.81866669654846,60,"{""weight_decay"": 0.001, ""scheduler_pct_start"": 0.4, ""num_layers_temporal"": 3, ""num_layers_spatial"": 3, ""nhead_temporal"": 2, ""nhead_spatial"": 8, ""learning_rate"": 0.0001, ""dropout_rate"": 0.35, ""dim_feedforward"": 512, ""d_model"": 160, ""batch_size"": 128, ""aug_stretch_range"": [0.75, 1.25], ""aug_p"": 0.8, ""aug_noise_std"": 0.1, ""aug_channel_dropout"": 0.1}"
Stage B rung 1,config #40,ridge_positive_17,40,60,0.3754470719183333,0.19933135394046028,0.9621136948280926,,2354370,753.3787798881531,60,"{""weight_decay"": 0.001, ""scheduler_pct_start"": 0.3, ""num_layers_temporal"": 3, ""num_layers_spatial"": 4, ""nhead_temporal"": 4, ""nhead_spatial"": 4, ""learning_rate"": 0.0005, ""dropout_rate"": 0.25, ""dim_feedforward"": 512, ""d_model"": 160, ""batch_size"": 64, ""aug_stretch_range"": [0.9, 1.1], ""aug_p"": 0.8, ""aug_noise_std"": 0.1, ""aug_channel_dropout"": 0.1}"
Stage B rung 1,config #41,ridge_positive_17,41,60,0.3677186624731353,0.18757421686028466,0.9636573866721934,,2354370,781.8750174045563,60,"{""weight_decay"": 1e-05, ""scheduler_pct_start"": 0.3, ""num_layers_temporal"": 3, ""num_layers_spatial"": 4, ""nhead_temporal"": 2, ""nhead_spatial"": 8, ""learning_rate"": 0.0008, ""dropout_rate"": 0.25, ""dim_feedforward"": 512, ""d_model"": 160, ""batch_size"": 64, ""aug_stretch_range"": [0.75, 1.25], ""aug_p"": 0.8, ""aug_noise_std"": 0.1, ""aug_channel_dropout"": 0.1}"
Stage B rung 1,config #42,ridge_positive_17,42,60,0.45132283901930387,0.2347584277051458,0.9452531126061846,,1412418,727.0199913978577,60,"{""weight_decay"": 0.001, ""scheduler_pct_start"": 0.3, ""num_layers_temporal"": 3, ""num_layers_spatial"": 4, ""nhead_temporal"": 4, ""nhead_spatial"": 8, ""learning_rate"": 0.0005, ""dropout_rate"": 0.5, ""dim_feedforward"": 1024, ""d_model"": 96, ""batch_size"": 64, ""aug_stretch_range"": [0.75, 1.25], ""aug_p"": 0.8, ""aug_noise_std"": 0.1, ""aug_channel_dropout"": 0.1}"
Stage B rung 1,config #43,ridge_positive_17,43,60,0.44962110109528053,0.2209040924299699,0.9456651866464153,,768866,372.6673867702484,60,"{""weight_decay"": 0.0001, ""scheduler_pct_start"": 0.4, ""num_layers_temporal"": 3, ""num_layers_spatial"": 3, ""nhead_temporal"": 2, ""nhead_spatial"": 4, ""learning_rate"": 0.0003, ""dropout_rate"": 0.35, ""dim_feedforward"": 512, ""d_model"": 96, ""batch_size"": 128, ""aug_stretch_range"": [0.75, 1.25], ""aug_p"": 0.5, ""aug_noise_std"": 0.1, ""aug_channel_dropout"": 0.1}"
Stage B rung 1,config #44,ridge_positive_17,44,60,0.3256533613196846,0.15560866904402676,0.9714966477261702,,1619714,507.97014904022217,60,"{""weight_decay"": 0.005, ""scheduler_pct_start"": 0.1, ""num_layers_temporal"": 4, ""num_layers_spatial"": 4, ""nhead_temporal"": 2, ""nhead_spatial"": 4, ""learning_rate"": 0.0002, ""dropout_rate"": 0.2, ""dim_feedforward"": 512, ""d_model"": 128, ""batch_size"": 128, ""aug_stretch_range"": [0.75, 1.25], ""aug_p"": 0.5, ""aug_noise_std"": 0.05, ""aug_channel_dropout"": 0.25}"
Stage B rung 1,config #45,ridge_positive_17,45,60,0.34343597294422284,0.15658256047106106,0.9682987508088,,1412418,671.7845540046692,60,"{""weight_decay"": 0.0001, ""scheduler_pct_start"": 0.05, ""num_layers_temporal"": 3, ""num_layers_spatial"": 4, ""nhead_temporal"": 4, ""nhead_spatial"": 4, ""learning_rate"": 0.0003, ""dropout_rate"": 0.2, ""dim_feedforward"": 1024, ""d_model"": 96, ""batch_size"": 64, ""aug_stretch_range"": [0.9, 1.1], ""aug_p"": 0.5, ""aug_noise_std"": 0.05, ""aug_channel_dropout"": 0.25}"
Stage B rung 1,config #46,ridge_positive_17,46,60,0.4081897793939718,0.205267236572165,0.9552174249480297,,2354370,632.2254157066345,60,"{""weight_decay"": 1e-05, ""scheduler_pct_start"": 0.2, ""num_layers_temporal"": 4, ""num_layers_spatial"": 4, ""nhead_temporal"": 4, ""nhead_spatial"": 8, ""learning_rate"": 0.0003, ""dropout_rate"": 0.35, ""dim_feedforward"": 512, ""d_model"": 160, ""batch_size"": 128, ""aug_stretch_range"": [0.75, 1.25], ""aug_p"": 0.5, ""aug_noise_std"": 0.05, ""aug_channel_dropout"": 0.1}"
Stage B rung 1,config #47,ridge_positive_17,47,60,0.36351575439000666,0.17854623045548582,0.9644834081239468,,3011778,847.8742129802704,60,"{""weight_decay"": 0.005, ""scheduler_pct_start"": 0.2, ""num_layers_temporal"": 3, ""num_layers_spatial"": 4, ""nhead_temporal"": 2, ""nhead_spatial"": 8, ""learning_rate"": 0.0002, ""dropout_rate"": 0.25, ""dim_feedforward"": 1024, ""d_model"": 160, ""batch_size"": 64, ""aug_stretch_range"": [0.75, 1.25], ""aug_p"": 0.5, ""aug_noise_std"": 0.05, ""aug_channel_dropout"": 0.25}"
Stage B rung 1,config #48,ridge_positive_17,48,60,0.40380386190444933,0.20692361562875933,0.9561746143807069,,2146050,553.466025352478,60,"{""weight_decay"": 0.001, ""scheduler_pct_start"": 0.1, ""num_layers_temporal"": 3, ""num_layers_spatial"": 4, ""nhead_temporal"": 2, ""nhead_spatial"": 4, ""learning_rate"": 0.0005, ""dropout_rate"": 0.35, ""dim_feedforward"": 1024, ""d_model"": 128, ""batch_size"": 128, ""aug_stretch_range"": [0.9, 1.1], ""aug_p"": 0.8, ""aug_noise_std"": 0.05, ""aug_channel_dropout"": 0.25}"
Stage B rung 2,config #1,ridge_positive_17,1,120,0.33526514375613525,0.15475738383581006,0.9697892423141993,,1412418,990.9819707870483,120,"{""weight_decay"": 0.001, ""scheduler_pct_start"": 0.4, ""num_layers_temporal"": 4, ""num_layers_spatial"": 3, ""nhead_temporal"": 2, ""nhead_spatial"": 4, ""learning_rate"": 0.0002, ""dropout_rate"": 0.2, ""dim_feedforward"": 1024, ""d_model"": 96, ""batch_size"": 128, ""aug_stretch_range"": [0.9, 1.1], ""aug_p"": 0.5, ""aug_noise_std"": 0.05, ""aug_channel_dropout"": 0.1}"
Stage B rung 2,config #44,ridge_positive_17,44,120,0.3329318936961778,0.154179981228356,0.9702082776444594,,1619714,999.5682106018066,120,"{""weight_decay"": 0.005, ""scheduler_pct_start"": 0.1, ""num_layers_temporal"": 4, ""num_layers_spatial"": 4, ""nhead_temporal"": 2, ""nhead_spatial"": 4, ""learning_rate"": 0.0002, ""dropout_rate"": 0.2, ""dim_feedforward"": 512, ""d_model"": 128, ""batch_size"": 128, ""aug_stretch_range"": [0.75, 1.25], ""aug_p"": 0.5, ""aug_noise_std"": 0.05, ""aug_channel_dropout"": 0.25}"
Stage B rung 2,config #18,ridge_positive_17,18,120,0.33327531070976785,0.1726840974357835,0.9701467860234361,,2146050,1469.558899641037,120,"{""weight_decay"": 0.0001, ""scheduler_pct_start"": 0.2, ""num_layers_temporal"": 4, ""num_layers_spatial"": 3, ""nhead_temporal"": 2, ""nhead_spatial"": 4, ""learning_rate"": 0.0003, ""dropout_rate"": 0.2, ""dim_feedforward"": 1024, ""d_model"": 128, ""batch_size"": 64, ""aug_stretch_range"": [0.75, 1.25], ""aug_p"": 0.5, ""aug_noise_std"": 0.1, ""aug_channel_dropout"": 0.1}"
Stage B rung 2,config #45,ridge_positive_17,45,120,0.3493734702172047,0.15067727542663134,0.9671931406217631,,1412418,1364.1987528800964,120,"{""weight_decay"": 0.0001, ""scheduler_pct_start"": 0.05, ""num_layers_temporal"": 3, ""num_layers_spatial"": 4, ""nhead_temporal"": 4, ""nhead_spatial"": 4, ""learning_rate"": 0.0003, ""dropout_rate"": 0.2, ""dim_feedforward"": 1024, ""d_model"": 96, ""batch_size"": 64, ""aug_stretch_range"": [0.9, 1.1], ""aug_p"": 0.5, ""aug_noise_std"": 0.05, ""aug_channel_dropout"": 0.25}"
Stage B rung 2,config #30,ridge_positive_17,30,120,0.3535102749268191,0.18380964445180467,0.9664116328000418,,2354370,1225.6910421848297,120,"{""weight_decay"": 0.0001, ""scheduler_pct_start"": 0.1, ""num_layers_temporal"": 3, ""num_layers_spatial"": 4, ""nhead_temporal"": 4, ""nhead_spatial"": 4, ""learning_rate"": 0.0001, ""dropout_rate"": 0.25, ""dim_feedforward"": 512, ""d_model"": 160, ""batch_size"": 128, ""aug_stretch_range"": [0.75, 1.25], ""aug_p"": 0.5, ""aug_noise_std"": 0.05, ""aug_channel_dropout"": 0.1}"
Stage B rung 2,config #31,ridge_positive_17,31,120,0.3487469661571571,0.17134822456608284,0.967310695065595,,2354370,1560.2940089702606,120,"{""weight_decay"": 0.0001, ""scheduler_pct_start"": 0.4, ""num_layers_temporal"": 4, ""num_layers_spatial"": 4, ""nhead_temporal"": 4, ""nhead_spatial"": 8, ""learning_rate"": 0.0003, ""dropout_rate"": 0.2, ""dim_feedforward"": 512, ""d_model"": 160, ""batch_size"": 64, ""aug_stretch_range"": [0.9, 1.1], ""aug_p"": 0.8, ""aug_noise_std"": 0.1, ""aug_channel_dropout"": 0.25}"
Stage B rung 2,config #27,ridge_positive_17,27,120,0.36328830751006796,0.1776639001622138,0.9645278387199802,,768866,739.4652369022369,120,"{""weight_decay"": 0.005, ""scheduler_pct_start"": 0.2, ""num_layers_temporal"": 3, ""num_layers_spatial"": 3, ""nhead_temporal"": 4, ""nhead_spatial"": 4, ""learning_rate"": 0.0002, ""dropout_rate"": 0.25, ""dim_feedforward"": 512, ""d_model"": 96, ""batch_size"": 128, ""aug_stretch_range"": [0.75, 1.25], ""aug_p"": 0.5, ""aug_noise_std"": 0.05, ""aug_channel_dropout"": 0.25}"
Stage B rung 2,config #26,ridge_positive_17,26,120,0.3459203264550278,0.16358785173695617,0.9678384497729594,,1412418,1044.394077539444,120,"{""weight_decay"": 0.005, ""scheduler_pct_start"": 0.4, ""num_layers_temporal"": 4, ""num_layers_spatial"": 4, ""nhead_temporal"": 4, ""nhead_spatial"": 8, ""learning_rate"": 0.0005, ""dropout_rate"": 0.2, ""dim_feedforward"": 1024, ""d_model"": 96, ""batch_size"": 128, ""aug_stretch_range"": [0.9, 1.1], ""aug_p"": 0.8, ""aug_noise_std"": 0.1, ""aug_channel_dropout"": 0.25}"
Stage B rung 2,config #20,ridge_positive_17,20,120,0.345198422442054,0.15572465763727103,0.9679725461179672,,2354370,1530.6483075618744,120,"{""weight_decay"": 0.005, ""scheduler_pct_start"": 0.3, ""num_layers_temporal"": 4, ""num_layers_spatial"": 4, ""nhead_temporal"": 4, ""nhead_spatial"": 8, ""learning_rate"": 0.0003, ""dropout_rate"": 0.2, ""dim_feedforward"": 512, ""d_model"": 160, ""batch_size"": 64, ""aug_stretch_range"": [0.9, 1.1], ""aug_p"": 0.5, ""aug_noise_std"": 0.05, ""aug_channel_dropout"": 0.1}"
Stage B rung 2,config #24,ridge_positive_17,24,120,0.352158387300681,0.17764729330316778,0.9666680376491442,,2270114,1012.3612041473389,120,"{""weight_decay"": 1e-05, ""scheduler_pct_start"": 0.05, ""num_layers_temporal"": 3, ""num_layers_spatial"": 3, ""nhead_temporal"": 4, ""nhead_spatial"": 8, ""learning_rate"": 0.0001, ""dropout_rate"": 0.25, ""dim_feedforward"": 1024, ""d_model"": 160, ""batch_size"": 128, ""aug_stretch_range"": [0.9, 1.1], ""aug_p"": 0.8, ""aug_noise_std"": 0.05, ""aug_channel_dropout"": 0.25}"
Stage B rung 2,config #9,ridge_positive_17,9,120,0.3415021417590153,0.14841348880286967,0.9686547546659038,,1017154,1318.9964835643768,120,"{""weight_decay"": 0.001, ""scheduler_pct_start"": 0.2, ""num_layers_temporal"": 3, ""num_layers_spatial"": 4, ""nhead_temporal"": 2, ""nhead_spatial"": 8, ""learning_rate"": 0.0008, ""dropout_rate"": 0.2, ""dim_feedforward"": 512, ""d_model"": 96, ""batch_size"": 64, ""aug_stretch_range"": [0.9, 1.1], ""aug_p"": 0.5, ""aug_noise_std"": 0.1, ""aug_channel_dropout"": 0.25}"
Stage B rung 2,config #17,ridge_positive_17,17,120,0.3416179813181715,0.15782623546631858,0.9686334860717208,,1618050,1151.7457954883575,120,"{""weight_decay"": 0.0001, ""scheduler_pct_start"": 0.05, ""num_layers_temporal"": 3, ""num_layers_spatial"": 3, ""nhead_temporal"": 2, ""nhead_spatial"": 4, ""learning_rate"": 0.0001, ""dropout_rate"": 0.2, ""dim_feedforward"": 1024, ""d_model"": 128, ""batch_size"": 64, ""aug_stretch_range"": [0.75, 1.25], ""aug_p"": 0.8, ""aug_noise_std"": 0.05, ""aug_channel_dropout"": 0.25}"
Stage B rung 3,config #44,ridge_positive_17,44,200,0.33332087365476465,0.14241973042327105,0.9701386228425405,,1619714,1673.1049745082855,200,"{""weight_decay"": 0.005, ""scheduler_pct_start"": 0.1, ""num_layers_temporal"": 4, ""num_layers_spatial"": 4, ""nhead_temporal"": 2, ""nhead_spatial"": 4, ""learning_rate"": 0.0002, ""dropout_rate"": 0.2, ""dim_feedforward"": 512, ""d_model"": 128, ""batch_size"": 128, ""aug_stretch_range"": [0.75, 1.25], ""aug_p"": 0.5, ""aug_noise_std"": 0.05, ""aug_channel_dropout"": 0.25}"
Stage B rung 3,config #18,ridge_positive_17,18,200,0.33410177773185923,0.15923671466966335,0.9699985404850372,,2146050,2392.2462589740753,200,"{""weight_decay"": 0.0001, ""scheduler_pct_start"": 0.2, ""num_layers_temporal"": 4, ""num_layers_spatial"": 3, ""nhead_temporal"": 2, ""nhead_spatial"": 4, ""learning_rate"": 0.0003, ""dropout_rate"": 0.2, ""dim_feedforward"": 1024, ""d_model"": 128, ""batch_size"": 64, ""aug_stretch_range"": [0.75, 1.25], ""aug_p"": 0.5, ""aug_noise_std"": 0.1, ""aug_channel_dropout"": 0.1}"
Stage B rung 3,config #1,ridge_positive_17,1,200,0.3201332168081427,0.13451770546751096,0.9724547773578314,,1412418,1655.1748566627502,200,"{""weight_decay"": 0.001, ""scheduler_pct_start"": 0.4, ""num_layers_temporal"": 4, ""num_layers_spatial"": 3, ""nhead_temporal"": 2, ""nhead_spatial"": 4, ""learning_rate"": 0.0002, ""dropout_rate"": 0.2, ""dim_feedforward"": 1024, ""d_model"": 96, ""batch_size"": 128, ""aug_stretch_range"": [0.9, 1.1], ""aug_p"": 0.5, ""aug_noise_std"": 0.05, ""aug_channel_dropout"": 0.1}"
Stage B rung 3,config #9,ridge_positive_17,9,200,0.3463757836032436,0.15431908966502877,0.9677537027943434,,1017154,2188.662513256073,200,"{""weight_decay"": 0.001, ""scheduler_pct_start"": 0.2, ""num_layers_temporal"": 3, ""num_layers_spatial"": 4, ""nhead_temporal"": 2, ""nhead_spatial"": 8, ""learning_rate"": 0.0008, ""dropout_rate"": 0.2, ""dim_feedforward"": 512, ""d_model"": 96, ""batch_size"": 64, ""aug_stretch_range"": [0.9, 1.1], ""aug_p"": 0.5, ""aug_noise_std"": 0.1, ""aug_channel_dropout"": 0.25}"
