weight_decay,num_layers_temporal,num_layers_spatial,nhead_temporal,nhead_spatial,learning_rate,dropout_rate,dim_feedforward,d_model,batch_size,scheduler_type,pct_start,aug_p,aug_channel_dropout,aug_mixup_alpha,aug_noise_std,aug_magnitude_range,aug_stretch_range,MAE,MSE,RMSE,R2,epochs_trained,overfit_ratio,best_val_loss,time_seconds,iteration
0.0001,3,3,2,8,0.0005,0.2,1024,128,128,ReduceLROnPlateau,0.1,1.0,0.25,0.5,0.1,"(0.8, 1.2)","(0.7, 1.3)",0.26617660372300156,0.23391135045683314,0.48364382602989275,0.9371011977083054,16,5.201671586633649,0.2626553852555453,133.50496983528137,207
0.001,3,3,2,8,0.001,0.2,1024,128,128,ReduceLROnPlateau,0.1,0.5,0.1,0.2,0.1,"(0.9, 1.1)","(0.9, 1.1)",0.2636475301849735,0.2400344324120581,0.48993308972966715,0.9354546999194406,22,9.141177639080095,0.24079209778203564,136.05996465682983,170
0.005,3,3,2,8,0.001,0.2,1024,128,32,ReduceLROnPlateau,0.1,1.0,0.25,0.8,0.05,"(0.8, 1.2)","(0.7, 1.3)",0.285317450284399,0.24461175139880045,0.4945824010200934,0.9342238580581508,16,,0.2446680006212698,202.62542486190796,39
0.005,3,3,2,8,0.0005,0.2,1024,128,64,ReduceLROnPlateau,0.1,1.0,0.25,0.5,0.05,"(0.9, 1.1)","(0.9, 1.1)",0.27453678814683385,0.24959487468803573,0.49959471042839887,0.9328838953502591,18,7.297493945554975,0.2545760358013744,194.49468183517456,13
0.01,3,3,2,8,0.0005,0.3,1024,128,64,ReduceLROnPlateau,0.1,1.0,0.1,0.8,0.1,"(0.8, 1.2)","(0.7, 1.3)",0.27314292427421244,0.251582638326103,0.5015801414790093,0.9323493853667579,18,5.129495977234291,0.25393499014570764,175.6940052509308,88
0.01,3,3,2,8,0.0005,0.4,1024,128,128,ReduceLROnPlateau,0.1,0.5,0.25,0.5,0.05,"(0.8, 1.2)","(0.7, 1.3)",0.27589842714522445,0.25272789737626455,0.5027204962762754,0.9320414250115712,24,4.114726698201712,0.2556974365932773,147.73490405082703,121
0.0001,3,3,2,8,0.0005,0.2,1024,128,128,ReduceLROnPlateau,0.1,1.0,0.25,0.8,0.01,"(0.8, 1.2)","(0.7, 1.3)",0.29801596183803236,0.2562528676527093,0.5062142507404442,0.9310935598991292,18,5.008530390721519,0.25891325882309735,159.26924967765808,227
0.005,3,3,2,8,0.0005,0.5,1024,128,64,ReduceLROnPlateau,0.1,0.8,0.25,0.5,0.1,"(0.5, 2.0)","(0.9, 1.1)",0.2746905924630004,0.2564390245760914,0.5063980890328196,0.9310435022704756,23,3.3790024514235055,0.2661071910146297,203.78666973114014,214
0.0001,3,3,2,8,0.0005,0.4,1024,128,128,ReduceLROnPlateau,0.1,1.0,0.1,0.2,0.05,"(0.9, 1.1)","(0.7, 1.3)",0.27436465169065716,0.25785627218241847,0.5077955023259053,0.9306624041458458,18,4.877994628612045,0.2866586476184333,152.6058087348938,104
0.0001,3,3,2,8,0.001,0.2,1024,128,32,ReduceLROnPlateau,0.1,0.5,0.4,0.8,0.1,"(0.9, 1.1)","(0.9, 1.1)",0.28219856380564506,0.25922763185218684,0.5091440187728683,0.9302936452952337,16,,0.25942865710395313,165.76967239379883,155
0.005,3,3,2,8,0.001,0.2,1024,128,64,ReduceLROnPlateau,0.1,0.5,0.25,0.8,0.05,"(0.9, 1.1)","(0.8, 1.2)",0.2988207486771768,0.2601395373610672,0.5100387606457643,0.9300484337473557,19,,0.26014559151799,141.28290104866028,183
0.005,3,3,2,8,0.0005,0.3,1024,128,64,ReduceLROnPlateau,0.1,0.5,0.1,0.2,0.01,"(0.9, 1.1)","(0.8, 1.2)",0.2868061078095114,0.26133518346653534,0.5112095299058257,0.9297269243043474,16,6.664054320363819,0.27307869824849834,130.44318270683289,146
0.001,3,3,2,8,0.0005,0.3,1024,128,64,ReduceLROnPlateau,0.1,0.5,0.25,0.2,0.01,"(0.8, 1.2)","(0.9, 1.1)",0.27275033349657274,0.2625323922585857,0.512379148930346,0.929404994654649,18,5.706229741417465,0.27149642974876054,140.0808870792389,228
0.01,3,3,2,8,0.0005,0.4,1024,128,32,ReduceLROnPlateau,0.1,0.8,0.25,0.5,0.01,"(0.5, 2.0)","(0.7, 1.3)",0.2969105367985151,0.2657985973638859,0.5155565898753365,0.9285267115411483,17,3.082498977785712,0.27341845574085194,217.02236342430115,18
0.0001,3,3,2,8,0.0005,0.2,1024,128,128,ReduceLROnPlateau,0.1,1.0,0.4,0.8,0.1,"(0.8, 1.2)","(0.7, 1.3)",0.28652173086562643,0.26601283556964433,0.5157643217300363,0.9284691028508432,26,5.690709033498135,0.2661654576871597,201.93760704994202,219
0.001,3,3,2,8,0.001,0.2,1024,128,128,ReduceLROnPlateau,0.1,0.5,0.1,0.2,0.1,"(0.5, 2.0)","(0.7, 1.3)",0.27812163592428973,0.26627889314654996,0.516022182804722,0.928397559922741,20,,0.26810873210743147,130.9864706993103,232
0.005,3,3,2,8,0.001,0.2,1024,128,128,ReduceLROnPlateau,0.1,0.8,0.25,0.5,0.05,"(0.8, 1.2)","(0.7, 1.3)",0.29648518348761904,0.2673433210132292,0.517052532160156,0.9281113350866684,16,4.233293811674037,0.26963815778739814,128.38538146018982,236
0.005,3,3,2,8,0.001,0.3,1024,128,128,ReduceLROnPlateau,0.1,0.5,0.1,0.8,0.05,"(0.9, 1.1)","(0.7, 1.3)",0.2850484351524266,0.26758698719004376,0.5172881084947186,0.9280458132098945,19,,0.26913149494619093,125.01130676269531,191
0.005,3,3,2,8,0.0005,0.3,1024,128,128,ReduceLROnPlateau,0.1,0.8,0.25,0.2,0.01,"(0.5, 2.0)","(0.7, 1.3)",0.28787802618853775,0.26774148154942523,0.5174374180028202,0.928004269650136,21,6.003455877207236,0.271572930456907,155.03396940231323,34
0.001,3,3,2,8,0.001,0.2,1024,128,32,ReduceLROnPlateau,0.1,0.8,0.25,0.5,0.05,"(0.9, 1.1)","(0.8, 1.2)",0.33428776865951654,0.2679487323898122,0.5176376458390678,0.9279485398635787,16,,0.26798929914843295,184.97225856781006,70
0.005,3,3,2,8,0.0005,0.4,1024,128,32,ReduceLROnPlateau,0.1,1.0,0.1,0.2,0.05,"(0.5, 2.0)","(0.8, 1.2)",0.2823101050644912,0.2680960344394109,0.517779909265907,0.9279089303171554,16,5.16518495151039,0.2740779760369817,208.10139346122742,30
0.001,3,3,2,8,0.001,0.2,1024,128,128,ReduceLROnPlateau,0.1,0.5,0.4,0.2,0.01,"(0.5, 2.0)","(0.8, 1.2)",0.3226563751698211,0.26857813366167493,0.5182452447072476,0.9277792937535301,18,4.702022401366523,0.26858406305503146,110.38407301902771,203
0.005,3,3,2,8,0.0005,0.3,1024,128,128,ReduceLROnPlateau,0.1,0.5,0.25,0.8,0.1,"(0.9, 1.1)","(0.7, 1.3)",0.28947169019450664,0.26876956565352317,0.5184299042816909,0.9277278176580603,16,3.4977019910548024,0.3143125782067491,98.1158173084259,72
0.0001,3,3,2,8,0.0005,0.3,1024,128,128,ReduceLROnPlateau,0.1,1.0,0.1,0.2,0.01,"(0.5, 2.0)","(0.9, 1.1)",0.3901684388749955,0.26922672607803405,0.5188706255686807,0.927604887141432,16,4.615093145175344,0.26966868162110436,136.21263766288757,89
0.0001,3,3,2,8,0.0005,0.2,1024,128,64,ReduceLROnPlateau,0.1,0.8,0.25,0.5,0.01,"(0.9, 1.1)","(0.8, 1.2)",0.2742811402569833,0.27004280485007565,0.519656429624493,0.9273854434195398,25,9.843711284550846,0.2708206343789433,225.68893599510193,111
0.01,3,3,2,8,0.0005,0.2,1024,128,32,ReduceLROnPlateau,0.1,1.0,0.25,0.5,0.05,"(0.8, 1.2)","(0.7, 1.3)",0.28446251647054743,0.2701977491321152,0.5198054916332793,0.9273437788755011,22,6.969276893208649,0.2708215566680383,263.4709405899048,69
0.005,3,3,2,8,0.0005,0.3,1024,128,64,ReduceLROnPlateau,0.1,1.0,0.1,0.8,0.1,"(0.5, 2.0)","(0.8, 1.2)",0.3439051539118095,0.2704012762856873,0.5200012271963281,0.9272890503889676,17,4.920650043808609,0.271616248463386,174.06319284439087,201
0.0001,3,3,2,8,0.001,0.2,1024,128,32,ReduceLROnPlateau,0.1,1.0,0.1,0.2,0.1,"(0.9, 1.1)","(0.7, 1.3)",0.27804786389478153,0.2709230975472948,0.5205027353888688,0.9271487325621441,19,,0.2710400060143403,282.61950159072876,196
0.0001,3,3,2,8,0.001,0.2,1024,128,64,ReduceLROnPlateau,0.1,0.5,0.1,0.8,0.05,"(0.9, 1.1)","(0.8, 1.2)",0.2769537717408689,0.27104880775183177,0.5206234798314726,0.9271149290665643,18,,0.2720105877292845,143.0048222541809,92
0.0001,3,3,2,8,0.0005,0.2,1024,128,128,ReduceLROnPlateau,0.1,0.5,0.25,0.5,0.01,"(0.5, 2.0)","(0.7, 1.3)",0.28946765559299137,0.27155504747871506,0.5211094390612351,0.926978801117103,23,7.037148899610692,0.2754724608213045,145.2841920852661,105
0.01,3,3,2,8,0.001,0.3,1024,128,128,ReduceLROnPlateau,0.1,0.5,0.1,0.8,0.1,"(0.9, 1.1)","(0.8, 1.2)",0.2818780005212485,0.2724373629943803,0.5219553266270787,0.9267415463234799,19,5.3873533966815605,0.2805868271517512,121.93015193939209,49
0.01,3,3,2,8,0.0005,0.5,1024,128,32,ReduceLROnPlateau,0.1,0.8,0.25,0.8,0.05,"(0.5, 2.0)","(0.9, 1.1)",0.32475691190896316,0.27298634611000483,0.5224809528681451,0.9265939246694486,18,2.970864590712534,0.2736569223261738,233.3622636795044,241
0.01,3,3,2,8,0.0005,0.4,1024,128,32,ReduceLROnPlateau,0.1,0.5,0.25,0.8,0.05,"(0.5, 2.0)","(0.8, 1.2)",0.29140318009111993,0.2733706421189343,0.5228485843137899,0.9264905874066781,19,3.433368127878463,0.27824775070197943,206.57198023796082,106
0.0001,3,3,2,8,0.001,0.2,1024,128,128,ReduceLROnPlateau,0.1,0.5,0.4,0.8,0.01,"(0.8, 1.2)","(0.7, 1.3)",0.2804995923566353,0.2736619941560132,0.5231271300133584,0.9264122427938933,22,5.58728349808538,0.27536060301236254,136.62408995628357,87
0.005,3,3,2,8,0.001,0.2,1024,128,64,ReduceLROnPlateau,0.1,0.8,0.4,0.2,0.05,"(0.9, 1.1)","(0.8, 1.2)",0.28393247742469113,0.2741657340440437,0.5236083785082547,0.9262767870515286,17,,0.28980881325252195,162.78791499137878,156
0.001,3,3,2,8,0.0005,0.2,1024,128,128,ReduceLROnPlateau,0.1,0.5,0.4,0.5,0.01,"(0.9, 1.1)","(0.9, 1.1)",0.30704929386601354,0.2749545481558219,0.5243610856612282,0.9260646748014615,22,5.768954916287118,0.2763500974744849,135.37976169586182,51
0.0001,3,3,2,8,0.001,0.3,1024,128,64,ReduceLROnPlateau,0.1,1.0,0.25,0.2,0.01,"(0.9, 1.1)","(0.9, 1.1)",0.2970716290052726,0.2754299448456666,0.524814200308706,0.9259368405499544,17,,0.2757429523679965,171.74445223808289,60
0.0001,3,3,2,8,0.0005,0.2,1024,128,64,ReduceLROnPlateau,0.1,1.0,0.1,0.5,0.1,"(0.9, 1.1)","(0.9, 1.1)",0.28098878251598547,0.2758901345227751,0.5252524483738987,0.9258130954667825,20,8.507158453228875,0.2765329617283126,206.6358768939972,226
0.005,3,3,2,8,0.0005,0.2,1024,128,32,ReduceLROnPlateau,0.1,0.5,0.1,0.5,0.01,"(0.9, 1.1)","(0.9, 1.1)",0.3331394539614279,0.2765935664874757,0.5259216353103148,0.9256239424907216,16,8.685894503989768,0.277506119663431,167.8144495487213,44
0.005,3,3,2,8,0.0005,0.2,1024,128,64,ReduceLROnPlateau,0.1,0.5,0.1,0.5,0.01,"(0.5, 2.0)","(0.9, 1.1)",0.32024114250758945,0.2766435578972539,0.5259691605952329,0.9256104997920505,16,5.880093319017876,0.28617917571918283,128.40785884857178,140
0.0001,3,3,2,8,0.0005,0.3,1024,128,128,ReduceLROnPlateau,0.1,0.8,0.25,0.5,0.05,"(0.5, 2.0)","(0.9, 1.1)",0.2865224780647359,0.2778016833961017,0.5270689550676474,0.9252990796466034,18,3.5734446163539153,0.28719401415116075,133.0363166332245,167
0.01,3,3,2,8,0.0005,0.3,1024,128,64,ReduceLROnPlateau,0.1,0.8,0.1,0.8,0.1,"(0.8, 1.2)","(0.8, 1.2)",0.3006793911867318,0.2785064382414636,0.5277370919704845,0.9251095709477054,16,5.619767048542466,0.29122211580560875,150.20572137832642,247
0.005,3,3,2,8,0.0005,0.2,1024,128,64,ReduceLROnPlateau,0.1,0.5,0.4,0.8,0.01,"(0.8, 1.2)","(0.9, 1.1)",0.3245890083340264,0.2802665208487303,0.529402040842997,0.9246362844324709,16,4.030378516789638,0.28904083431974353,125.99404048919678,215
0.01,3,3,2,8,0.001,0.2,1024,128,128,ReduceLROnPlateau,0.1,0.5,0.25,0.8,0.01,"(0.5, 2.0)","(0.9, 1.1)",0.28090972089872535,0.2803362499366227,0.5294678932065878,0.9246175342687667,19,5.586440399430792,0.2883773914513871,119.75215554237366,200
0.01,3,3,2,8,0.001,0.2,1024,128,64,ReduceLROnPlateau,0.1,0.5,0.4,0.2,0.05,"(0.5, 2.0)","(0.9, 1.1)",0.3020885120463926,0.28038439504995566,0.5295133568192172,0.9246045880395268,17,,0.2859205581946473,132.70383024215698,81
0.0001,3,3,2,8,0.0005,0.2,1024,128,128,ReduceLROnPlateau,0.1,0.8,0.1,0.2,0.1,"(0.5, 2.0)","(0.7, 1.3)",0.27444604961510355,0.28076620621156273,0.5298737644114518,0.9245019189526279,23,10.970372254304253,0.2907018735046259,176.8144655227661,220
0.01,3,3,2,8,0.0005,0.3,1024,128,32,ReduceLROnPlateau,0.1,0.8,0.1,0.8,0.01,"(0.5, 2.0)","(0.9, 1.1)",0.29893256688149283,0.2808756614430268,0.5299770385998122,0.9244724864220979,17,,0.2891057897132765,191.73370265960693,41
0.01,3,3,2,8,0.0005,0.2,1024,128,64,ReduceLROnPlateau,0.1,0.8,0.4,0.2,0.01,"(0.9, 1.1)","(0.9, 1.1)",0.287082020792649,0.28142621054094485,0.5304961927676247,0.924324443675159,25,8.472565497532777,0.28192011870594735,235.64497542381287,235
0.005,3,3,2,8,0.001,0.3,1024,128,128,ReduceLROnPlateau,0.1,0.5,0.4,0.2,0.01,"(0.5, 2.0)","(0.9, 1.1)",0.2814826537048065,0.28150318936452584,0.5305687414129538,0.9243037440562837,19,3.8809423981334294,0.29421206704226993,123.34285593032837,164
0.001,3,3,2,8,0.0005,0.2,1024,128,64,ReduceLROnPlateau,0.1,0.8,0.4,0.5,0.05,"(0.8, 1.2)","(0.9, 1.1)",0.29880283366189536,0.2821135083932139,0.5311435854768595,0.9241396291647004,35,9.078336012033583,0.2821060144053933,294.34391474723816,48
0.001,3,3,2,8,0.0005,0.3,1024,128,128,ReduceLROnPlateau,0.1,0.5,0.4,0.8,0.05,"(0.9, 1.1)","(0.8, 1.2)",0.30290086547890643,0.2824735625852718,0.5314824198271019,0.9240428105306482,19,3.1601484853853616,0.2982896456320261,119.99113535881042,139
0.005,3,3,2,8,0.0005,0.3,1024,128,32,ReduceLROnPlateau,0.1,0.5,0.4,0.8,0.1,"(0.5, 2.0)","(0.9, 1.1)",0.30172527633981877,0.2825065801873288,0.5315134807202249,0.9240339320917872,19,3.319199188326933,0.28328959636351086,224.13478636741638,3
0.01,3,3,2,8,0.001,0.4,1024,128,128,ReduceLROnPlateau,0.1,0.5,0.25,0.5,0.01,"(0.5, 2.0)","(0.7, 1.3)",0.2944604047627844,0.28261537435779466,0.531615814623488,0.9240046773206729,20,3.737477872028553,0.28849734495947976,125.1357250213623,161
0.01,3,3,2,8,0.001,0.4,1024,128,128,ReduceLROnPlateau,0.1,0.5,0.1,0.5,0.05,"(0.9, 1.1)","(0.9, 1.1)",0.2816553925426044,0.28294046536308043,0.5319214842089764,0.9239172602935456,20,5.501203196319075,0.29480545660711416,134.78294038772583,21
0.01,3,3,2,8,0.0005,0.4,1024,128,128,ReduceLROnPlateau,0.1,0.8,0.4,0.8,0.01,"(0.9, 1.1)","(0.7, 1.3)",0.30089656073429577,0.2829505792437358,0.5319309910540424,0.9239145406693012,21,2.8509543090738156,0.28397265564697804,155.59707951545715,125
0.01,3,3,2,8,0.0005,0.2,1024,128,128,ReduceLROnPlateau,0.1,1.0,0.4,0.5,0.05,"(0.8, 1.2)","(0.8, 1.2)",0.28455277542690544,0.28295533524411154,0.5319354615403183,0.9239132617799838,38,6.229223233007361,0.2845637716660353,296.14158511161804,153
0.01,3,3,2,8,0.0005,0.2,1024,128,128,ReduceLROnPlateau,0.1,0.5,0.25,0.5,0.05,"(0.8, 1.2)","(0.8, 1.2)",0.2811277384097113,0.28307982163892365,0.5320524613597081,0.9238797873670491,27,5.914923087399021,0.29062000640150265,171.90174269676208,242
0.01,3,3,2,8,0.0005,0.4,1024,128,128,ReduceLROnPlateau,0.1,0.5,0.4,0.2,0.05,"(0.8, 1.2)","(0.8, 1.2)",0.2877267908605971,0.2831863015482982,0.5321525171868476,0.9238511549011397,17,2.687684082694351,0.3179412153504079,120.16345500946045,212
0.005,3,3,2,8,0.0005,0.3,1024,128,64,ReduceLROnPlateau,0.1,0.5,0.1,0.8,0.05,"(0.5, 2.0)","(0.8, 1.2)",0.33085639857246474,0.28333583803898005,0.5322930001784544,0.9238109445131255,17,5.028637194555108,0.2838863316887049,136.48957443237305,79
0.005,3,3,2,8,0.0005,0.3,1024,128,128,ReduceLROnPlateau,0.1,1.0,0.25,0.8,0.01,"(0.5, 2.0)","(0.8, 1.2)",0.3295418532227808,0.2843291733502258,0.5332252557317834,0.9235438364774129,18,4.0901287857592585,0.2845978490835012,148.27731728553772,158
0.0001,3,3,2,8,0.001,0.3,1024,128,32,ReduceLROnPlateau,0.1,0.5,0.4,0.2,0.05,"(0.8, 1.2)","(0.8, 1.2)",0.30907250829990074,0.28440272227693747,0.5332942173668654,0.9235240591583945,16,,0.28534064469754206,157.21726250648499,24
0.001,3,3,2,8,0.001,0.2,1024,128,32,ReduceLROnPlateau,0.1,1.0,0.25,0.2,0.05,"(0.9, 1.1)","(0.9, 1.1)",0.37151534075649356,0.28516294702145845,0.5340065046621234,0.9233196345940906,17,,0.28516971628836285,245.51029324531555,240
0.01,3,3,2,8,0.001,0.2,1024,128,32,ReduceLROnPlateau,0.1,1.0,0.25,0.8,0.01,"(0.8, 1.2)","(0.7, 1.3)",0.37948764486609776,0.2853793676134477,0.534209104764649,0.9232614390597533,17,,0.2854041066800439,231.09325218200684,86
0.01,3,3,2,8,0.001,0.2,1024,128,32,ReduceLROnPlateau,0.1,0.8,0.1,0.5,0.1,"(0.5, 2.0)","(0.7, 1.3)",0.28634290236558846,0.28547208406584146,0.5342958768939187,0.9232365075897887,24,,0.28724085773101715,300.4298861026764,124
0.0001,3,3,2,8,0.0005,0.2,1024,128,32,ReduceLROnPlateau,0.1,1.0,0.25,0.5,0.05,"(0.8, 1.2)","(0.7, 1.3)",0.3063198176794766,0.2861533953756552,0.5349330756044678,0.923053302861624,20,7.0136176346509425,0.28617384445260363,272.148473739624,141
0.001,3,3,2,8,0.0005,0.5,1024,128,32,ReduceLROnPlateau,0.1,0.5,0.1,0.5,0.05,"(0.5, 2.0)","(0.8, 1.2)",0.2867444158366812,0.28651176948807894,0.5352679417712954,0.9229569360012738,16,4.228216547430465,0.2954999267451314,176.93593502044678,27
0.001,3,3,2,8,0.0005,0.2,1024,128,32,ReduceLROnPlateau,0.1,0.8,0.25,0.8,0.05,"(0.5, 2.0)","(0.8, 1.2)",0.29888482255886034,0.28961261300948365,0.5381566807254962,0.922123118646069,19,6.249818769190241,0.29117123297368863,262.6442527770996,20
0.005,3,3,2,8,0.001,0.3,1024,128,32,ReduceLROnPlateau,0.1,1.0,0.1,0.8,0.1,"(0.9, 1.1)","(0.8, 1.2)",0.29610914850735787,0.28983251219303874,0.538360949728933,0.9220639877178626,19,,0.29239743650406713,238.15717005729675,42
0.001,3,3,2,8,0.001,0.4,1024,128,128,ReduceLROnPlateau,0.1,0.5,0.25,0.5,0.1,"(0.5, 2.0)","(0.9, 1.1)",0.321832354791278,0.28989569101999885,0.5384196235465409,0.9220469989204475,22,,0.2898842240779452,145.7009425163269,19
0.0001,3,3,2,8,0.001,0.4,1024,128,64,ReduceLROnPlateau,0.1,0.8,0.4,0.2,0.05,"(0.9, 1.1)","(0.8, 1.2)",0.2921377040695983,0.2912969542021198,0.5397193290981154,0.9216701990102305,17,,0.33054483041379656,152.28345036506653,28
0.01,3,3,2,8,0.0005,0.2,1024,128,128,ReduceLROnPlateau,0.1,0.5,0.1,0.5,0.01,"(0.8, 1.2)","(0.8, 1.2)",0.31086743104703785,0.2927677299630709,0.5410801511449768,0.9212747071556335,23,9.397777593609776,0.2930338197602246,206.27638268470764,1
0.005,3,3,2,8,0.0005,0.4,1024,128,32,ReduceLROnPlateau,0.1,0.8,0.25,0.8,0.01,"(0.5, 2.0)","(0.7, 1.3)",0.3035620504466332,0.29280268365566026,0.5411124501022503,0.9212653081016959,17,,0.3211166393305248,200.07655382156372,186
0.01,3,3,2,8,0.001,0.2,1024,128,128,ReduceLROnPlateau,0.1,0.5,0.1,0.2,0.1,"(0.9, 1.1)","(0.9, 1.1)",0.2883882806156241,0.29393705701052236,0.5421596231835439,0.920960274911844,26,13.3130875170967,0.29394773789482376,163.75683856010437,107
0.005,3,3,2,8,0.001,0.5,1024,128,128,ReduceLROnPlateau,0.1,1.0,0.1,0.8,0.1,"(0.5, 2.0)","(0.9, 1.1)",0.30361132984646977,0.2939699825164738,0.5421899874734629,0.9209514212376415,16,,0.31359191252070984,137.3349061012268,245
0.001,3,3,2,8,0.0005,0.3,1024,128,64,ReduceLROnPlateau,0.1,1.0,0.25,0.5,0.1,"(0.5, 2.0)","(0.9, 1.1)",0.316929141101136,0.2948192618866122,0.5429726161480082,0.9207230498692217,18,4.4882833307309165,0.29956954729485497,177.5714828968048,35
0.01,3,3,2,8,0.0005,0.2,1024,128,64,ReduceLROnPlateau,0.1,0.5,0.4,0.8,0.01,"(0.8, 1.2)","(0.9, 1.1)",0.28587019358927473,0.2953997786234486,0.5435069260124001,0.9205669488190333,34,7.981396258539939,0.29645915056920463,232.92105412483215,64
0.001,3,3,2,8,0.0005,0.2,1024,128,64,ReduceLROnPlateau,0.1,0.8,0.1,0.2,0.01,"(0.9, 1.1)","(0.7, 1.3)",0.28544709978569566,0.29595155756392005,0.544014299043619,0.9204185753672207,22,11.439004912545915,0.2970319319379482,209.0763177871704,16
0.0001,3,3,2,8,0.001,0.3,1024,128,32,ReduceLROnPlateau,0.1,1.0,0.1,0.2,0.01,"(0.8, 1.2)","(0.8, 1.2)",0.28595341265181445,0.29642120564814006,0.5444457784280635,0.9202922869167529,17,,0.2975800016792931,243.05966472625732,238
0.01,3,3,2,8,0.0005,0.4,1024,128,128,ReduceLROnPlateau,0.1,0.5,0.1,0.8,0.1,"(0.8, 1.2)","(0.8, 1.2)",0.29318348419362233,0.29768787169019867,0.5456078002468427,0.919951680200604,23,5.2635269658927015,0.30737208329023763,145.9057264328003,165
0.001,3,3,2,8,0.0005,0.4,1024,128,64,ReduceLROnPlateau,0.1,1.0,0.1,0.5,0.05,"(0.9, 1.1)","(0.8, 1.2)",0.3154622230047538,0.29772237612983365,0.5456394195160699,0.9199424019508631,19,5.342800674124078,0.3027943579576468,197.45540833473206,6
0.005,3,3,2,8,0.001,0.2,1024,128,64,ReduceLROnPlateau,0.1,0.8,0.1,0.8,0.1,"(0.8, 1.2)","(0.8, 1.2)",0.3038366398012513,0.2981987626272177,0.5460757846922144,0.9198143015399387,19,,0.3030056685231632,174.628986120224,122
0.0001,3,3,2,8,0.001,0.4,1024,128,128,ReduceLROnPlateau,0.1,1.0,0.25,0.5,0.1,"(0.8, 1.2)","(0.8, 1.2)",0.33564980238546405,0.29821341640071986,0.5460892018715623,0.9198103611377285,21,,0.298209851739868,159.93568921089172,152
0.001,3,3,2,8,0.0005,0.2,1024,128,128,ReduceLROnPlateau,0.1,0.8,0.25,0.8,0.01,"(0.9, 1.1)","(0.7, 1.3)",0.30463759085359376,0.29832579612766763,0.5461920872071176,0.9197801422098608,21,6.122747551999832,0.3033920807960958,148.1574604511261,166
0.0001,3,3,2,8,0.0005,0.2,1024,128,64,ReduceLROnPlateau,0.1,0.5,0.1,0.2,0.01,"(0.5, 2.0)","(0.7, 1.3)",0.29714677263345834,0.2987222048933692,0.5465548507637356,0.9196735478247151,21,10.083497012124909,0.30149609982207226,160.27514719963074,216
0.001,3,3,2,8,0.001,0.5,1024,128,128,ReduceLROnPlateau,0.1,1.0,0.25,0.5,0.05,"(0.5, 2.0)","(0.9, 1.1)",0.28968327660741255,0.29965720647991445,0.547409541823957,0.9194221257375882,21,3.7371439619479903,0.32676557375359877,172.73938846588135,119
0.005,3,3,2,8,0.001,0.4,1024,128,128,ReduceLROnPlateau,0.1,0.5,0.4,0.2,0.1,"(0.8, 1.2)","(0.7, 1.3)",0.30439108721262426,0.30048409296549805,0.5481642937710355,0.9191997758196692,19,,0.31021458907451116,119.92802166938782,36
0.001,3,3,2,8,0.0005,0.3,1024,128,32,ReduceLROnPlateau,0.1,1.0,0.4,0.8,0.05,"(0.9, 1.1)","(0.8, 1.2)",0.3370132906532386,0.3006427872552188,0.5483090253271587,0.9191571028979214,17,3.609619104165177,0.30070546751552657,243.9537661075592,59
0.001,3,3,2,8,0.001,0.4,1024,128,32,ReduceLROnPlateau,0.1,0.8,0.25,0.2,0.1,"(0.5, 2.0)","(0.9, 1.1)",0.29914478439584496,0.3014270936011119,0.5490237641497059,0.9189462027868746,19,,0.35000991559820077,224.8873906135559,187
0.0001,3,3,2,8,0.0005,0.5,1024,128,32,ReduceLROnPlateau,0.1,1.0,0.4,0.8,0.1,"(0.5, 2.0)","(0.8, 1.2)",0.3133754010213915,0.30271516369527074,0.5501955685892705,0.9185998405174417,17,,0.33082017883021225,223.3860306739807,23
0.005,3,3,2,8,0.001,0.3,1024,128,32,ReduceLROnPlateau,0.1,1.0,0.1,0.2,0.05,"(0.8, 1.2)","(0.8, 1.2)",0.3647963924485986,0.30304510045112015,0.5504953228240184,0.918511120467156,17,,0.3030512239719725,228.7951214313507,113
0.001,3,3,2,8,0.001,0.3,1024,128,32,ReduceLROnPlateau,0.1,1.0,0.25,0.8,0.01,"(0.5, 2.0)","(0.8, 1.2)",0.3467214465531655,0.30305529595610053,0.5505045830473172,0.9185083788941165,17,,0.30304861758449253,212.70381665229797,62
0.0001,3,3,2,8,0.001,0.3,1024,128,64,ReduceLROnPlateau,0.1,1.0,0.25,0.8,0.1,"(0.9, 1.1)","(0.7, 1.3)",0.3015022644224868,0.30375647966365726,0.5511410705651115,0.9183198304747875,19,4.418557472642821,0.30552061199135827,187.48409605026245,209
0.001,3,3,2,8,0.0005,0.3,1024,128,128,ReduceLROnPlateau,0.1,1.0,0.25,0.2,0.05,"(0.8, 1.2)","(0.9, 1.1)",0.2987302862657968,0.3040427058982938,0.55140067636728,0.9182428641911593,21,7.2104239675180475,0.30765069475857193,169.48002886772156,175
0.005,3,3,2,8,0.0005,0.4,1024,128,64,ReduceLROnPlateau,0.1,0.5,0.1,0.5,0.05,"(0.9, 1.1)","(0.9, 1.1)",0.2986062192701569,0.3040442465192429,0.5514020733722742,0.9182424499179217,27,6.970827728001697,0.3042571081224457,195.7441327571869,109
0.01,3,3,2,8,0.001,0.3,1024,128,64,ReduceLROnPlateau,0.1,0.5,0.25,0.8,0.05,"(0.9, 1.1)","(0.9, 1.1)",0.36195101700386695,0.3041545871325298,0.5515021188830826,0.9182127793080674,18,4.711348424361831,0.30415942667573354,150.8063085079193,10
0.01,3,3,2,8,0.0005,0.4,1024,128,32,ReduceLROnPlateau,0.1,0.8,0.25,0.2,0.05,"(0.8, 1.2)","(0.8, 1.2)",0.2894728922536073,0.3069549718621633,0.5540351720443056,0.9174597553735474,32,9.012873957325032,0.30943997844505916,399.0537791252136,57
0.001,3,3,2,8,0.0005,0.2,1024,128,64,ReduceLROnPlateau,0.1,0.5,0.4,0.5,0.01,"(0.9, 1.1)","(0.8, 1.2)",0.2954025612657936,0.3074868567092009,0.554514974287621,0.9173167314468742,32,9.781622634206872,0.30885634741006,241.6453869342804,90
0.01,3,3,2,8,0.0005,0.4,1024,128,128,ReduceLROnPlateau,0.1,0.5,0.4,0.2,0.1,"(0.8, 1.2)","(0.7, 1.3)",0.29505600013296046,0.30753046471770584,0.5545542937510319,0.9173050052459013,39,5.711973655021009,0.31452913278265276,228.4401273727417,132
0.0001,3,3,2,8,0.001,0.3,1024,128,32,ReduceLROnPlateau,0.1,0.8,0.1,0.2,0.01,"(0.5, 2.0)","(0.9, 1.1)",0.30795352666112413,0.3084379906964108,0.5553719390610321,0.9170609713544392,16,,0.3086383868855636,191.23611187934875,184
0.001,3,3,2,8,0.001,0.2,1024,128,32,ReduceLROnPlateau,0.1,0.8,0.4,0.5,0.1,"(0.9, 1.1)","(0.7, 1.3)",0.3670261315018363,0.310396814939498,0.5571326726548157,0.9165342431792161,16,,0.31059149889036486,180.36081504821777,67
0.001,3,3,2,8,0.001,0.4,1024,128,64,ReduceLROnPlateau,0.1,1.0,0.25,0.5,0.1,"(0.9, 1.1)","(0.8, 1.2)",0.28637620691936083,0.3105378999637886,0.5572592753501628,0.9164963053919652,24,,0.3157231284770765,237.06825423240662,168
0.005,3,3,2,8,0.0005,0.3,1024,128,32,ReduceLROnPlateau,0.1,1.0,0.1,0.8,0.1,"(0.9, 1.1)","(0.7, 1.3)",0.31811510307269714,0.3105947140609971,0.5573102493773079,0.916481028071473,17,6.299680143704881,0.3175786188801517,248.36614632606506,80
0.01,3,3,2,8,0.0005,0.4,1024,128,64,ReduceLROnPlateau,0.1,0.8,0.1,0.8,0.01,"(0.9, 1.1)","(0.7, 1.3)",0.2939806901684446,0.3113402017671992,0.5579786750111506,0.9162805662993029,26,7.35944151967763,0.3168288290970145,233.80931997299194,98
0.01,3,3,2,8,0.0005,0.2,1024,128,64,ReduceLROnPlateau,0.1,0.8,0.4,0.8,0.1,"(0.8, 1.2)","(0.7, 1.3)",0.32345039205267656,0.3116833965716258,0.5582861242872026,0.9161882811574789,22,5.444843685943889,0.312587428658597,176.1279969215393,189
0.005,3,3,2,8,0.001,0.5,1024,128,64,ReduceLROnPlateau,0.1,1.0,0.1,0.8,0.05,"(0.8, 1.2)","(0.8, 1.2)",0.30185262936317914,0.3126324189906334,0.5591354209765586,0.9159330888660959,16,,0.3706412686634493,149.87317538261414,177
0.005,3,3,2,8,0.0005,0.2,1024,128,128,ReduceLROnPlateau,0.1,0.8,0.4,0.5,0.01,"(0.5, 2.0)","(0.7, 1.3)",0.4126428619497983,0.3128347065902047,0.559316284932063,0.915878693695846,19,4.577638613028812,0.3128804136243693,147.265540599823,137
0.01,3,3,2,8,0.001,0.4,1024,128,128,ReduceLROnPlateau,0.1,0.5,0.4,0.8,0.1,"(0.9, 1.1)","(0.8, 1.2)",0.3109135981447609,0.3128516442708193,0.5593314261426934,0.9158741391506211,30,4.004541119919278,0.321802323540171,182.5959448814392,246
0.001,3,3,2,8,0.001,0.2,1024,128,64,ReduceLROnPlateau,0.1,1.0,0.4,0.5,0.1,"(0.8, 1.2)","(0.9, 1.1)",0.3111378990627954,0.31292997075450335,0.5594014397143641,0.9158530771457127,19,,0.3129221092448455,190.99050283432007,244
0.01,3,3,2,8,0.001,0.4,1024,128,128,ReduceLROnPlateau,0.1,0.5,0.4,0.8,0.1,"(0.5, 2.0)","(0.7, 1.3)",0.3098213364172053,0.3139619969305934,0.5603231183260186,0.9155755651298018,21,,0.31514667588923984,139.8702907562256,231
0.01,3,3,2,8,0.0005,0.4,1024,128,64,ReduceLROnPlateau,0.1,0.5,0.25,0.5,0.01,"(0.9, 1.1)","(0.8, 1.2)",0.31483980869182676,0.3142264832163614,0.5605590809329213,0.9155044447221563,19,4.944323616560328,0.32210188150092883,147.37340927124023,97
0.0001,3,3,2,8,0.001,0.3,1024,128,32,ReduceLROnPlateau,0.1,0.5,0.4,0.5,0.01,"(0.5, 2.0)","(0.7, 1.3)",0.3463093062512247,0.31505246766429906,0.5612953479802759,0.9152823373623151,17,,0.315138664053556,183.54573941230774,197
0.005,3,3,2,8,0.0005,0.5,1024,128,64,ReduceLROnPlateau,0.1,0.5,0.25,0.5,0.05,"(0.5, 2.0)","(0.8, 1.2)",0.31062997091174216,0.31599181027069007,0.5621314884176922,0.9150297479742066,19,3.789654064552213,0.32973708050843925,151.17416787147522,234
0.01,3,3,2,8,0.001,0.3,1024,128,32,ReduceLROnPlateau,0.1,0.5,0.1,0.2,0.1,"(0.5, 2.0)","(0.9, 1.1)",0.3036417150006693,0.3160349364696385,0.5621698466385746,0.9150181513319061,17,,0.32507250890504663,169.86238598823547,174
0.0001,3,3,2,8,0.0005,0.4,1024,128,64,ReduceLROnPlateau,0.1,0.5,0.4,0.2,0.01,"(0.5, 2.0)","(0.9, 1.1)",0.3101970553216367,0.31610119898633354,0.5622287781555952,0.915000333329792,17,3.908746670878494,0.3530587678161762,127.28596377372742,249
0.001,3,3,2,8,0.0005,0.4,1024,128,128,ReduceLROnPlateau,0.1,1.0,0.4,0.2,0.05,"(0.9, 1.1)","(0.8, 1.2)",0.3047320519828832,0.3161558081141291,0.5622773409218347,0.9149856489259535,32,4.981139368504237,0.3207025646777727,233.3075773715973,73
0.001,3,3,2,8,0.0005,0.3,1024,128,64,ReduceLROnPlateau,0.1,0.8,0.25,0.2,0.01,"(0.9, 1.1)","(0.7, 1.3)",0.3119188297092467,0.317531477442953,0.5634993145008723,0.9146157312072816,20,,0.3179116215799996,174.5132713317871,37
0.01,3,3,2,8,0.0005,0.4,1024,128,32,ReduceLROnPlateau,0.1,0.5,0.25,0.5,0.01,"(0.8, 1.2)","(0.7, 1.3)",0.30266508559072186,0.3193746684375108,0.5651324344235701,0.9141200968324379,19,4.6345134891763635,0.32350366303818795,191.46186566352844,230
0.01,3,3,2,8,0.0005,0.5,1024,128,32,ReduceLROnPlateau,0.1,0.8,0.1,0.5,0.01,"(0.8, 1.2)","(0.9, 1.1)",0.2999551626129519,0.31992293336617894,0.5656173029232565,0.9139726682990024,18,5.507372644826034,0.33202529466960407,243.18249559402466,12
0.0001,3,3,2,8,0.0005,0.5,1024,128,64,ReduceLROnPlateau,0.1,0.8,0.4,0.8,0.01,"(0.8, 1.2)","(0.8, 1.2)",0.3096320287327702,0.31993751082377303,0.5656301891021845,0.9139687484181529,26,3.3304376245094875,0.3328605083152037,243.4082226753235,224
0.005,3,3,2,8,0.0005,0.5,1024,128,128,ReduceLROnPlateau,0.1,0.8,0.1,0.2,0.01,"(0.9, 1.1)","(0.7, 1.3)",0.3076214304350635,0.32011923577017926,0.5657908056606958,0.9139198825488689,22,6.148830339958658,0.34162915836829644,159.76898622512817,223
0.01,3,3,2,8,0.001,0.4,1024,128,64,ReduceLROnPlateau,0.1,1.0,0.4,0.2,0.05,"(0.5, 2.0)","(0.7, 1.3)",0.33774148092856554,0.32048707022730627,0.5661157745791106,0.913820971800204,17,,0.32047292606573935,153.15162992477417,205
0.01,3,3,2,8,0.0005,0.2,1024,128,64,ReduceLROnPlateau,0.1,0.5,0.4,0.8,0.1,"(0.8, 1.2)","(0.9, 1.1)",0.38058951252645246,0.3213339312617916,0.5668632385873965,0.9135932507226565,16,4.217983538072048,0.3243318712966208,129.9429612159729,61
0.005,3,3,2,8,0.001,0.4,1024,128,64,ReduceLROnPlateau,0.1,0.5,0.4,0.5,0.05,"(0.8, 1.2)","(0.8, 1.2)",0.31718419363421774,0.32423961068506624,0.5694204164631491,0.9128119130269412,20,,0.3596714317507969,149.04898881912231,147
0.0001,3,3,2,8,0.0005,0.5,1024,128,32,ReduceLROnPlateau,0.1,0.8,0.25,0.8,0.05,"(0.5, 2.0)","(0.7, 1.3)",0.29931610649723533,0.3243750547647942,0.5695393355728771,0.9127754920906517,17,,0.3672103888140705,208.85481452941895,55
0.01,3,3,2,8,0.001,0.5,1024,128,64,ReduceLROnPlateau,0.1,0.5,0.1,0.2,0.01,"(0.5, 2.0)","(0.9, 1.1)",0.31007067745758543,0.32629045138983054,0.5712183920269291,0.9122604416093772,16,,0.36046475155721996,128.262779712677,149
0.001,3,3,2,8,0.001,0.5,1024,128,64,ReduceLROnPlateau,0.1,0.5,0.25,0.8,0.01,"(0.9, 1.1)","(0.8, 1.2)",0.304254730978275,0.3276756158596452,0.5724295728381311,0.911887970645663,44,,0.33999984182322374,321.698490858078,52
0.01,3,3,2,8,0.0005,0.4,1024,128,64,ReduceLROnPlateau,0.1,1.0,0.4,0.2,0.01,"(0.9, 1.1)","(0.7, 1.3)",0.32632324371846294,0.3280569405581665,0.5727625516373835,0.9117854323687714,22,5.237396476463218,0.3360703409232328,201.17624926567078,74
0.005,3,3,2,8,0.001,0.5,1024,128,128,ReduceLROnPlateau,0.1,1.0,0.1,0.2,0.01,"(0.8, 1.2)","(0.9, 1.1)",0.33708487314589475,0.32998379970891073,0.5744421639372503,0.9112672996123664,16,5.077356718132469,0.33017069006538535,137.75439763069153,115
0.0001,3,3,2,8,0.0005,0.4,1024,128,128,ReduceLROnPlateau,0.1,1.0,0.25,0.2,0.05,"(0.8, 1.2)","(0.8, 1.2)",0.310519819949479,0.3332346362169343,0.5772647886515635,0.9103931491173116,27,7.03492697290015,0.34107697487117783,213.186350107193,169
0.0001,3,3,2,8,0.001,0.5,1024,128,32,ReduceLROnPlateau,0.1,0.8,0.1,0.8,0.01,"(0.9, 1.1)","(0.8, 1.2)",0.32067114967376065,0.33391043889023614,0.5778498411267724,0.9102114256624506,16,,0.4165002912271765,193.2783670425415,123
0.001,3,3,2,8,0.001,0.4,1024,128,64,ReduceLROnPlateau,0.1,0.5,0.4,0.8,0.1,"(0.8, 1.2)","(0.9, 1.1)",0.3208551194164776,0.33578613992846296,0.5794705686473326,0.9097070493312835,16,,0.3416986990337164,119.58107876777649,77
0.01,3,3,2,8,0.001,0.4,1024,128,32,ReduceLROnPlateau,0.1,1.0,0.25,0.2,0.1,"(0.9, 1.1)","(0.8, 1.2)",0.31161548558007207,0.3358189284748284,0.5794988597700849,0.9096982324855373,16,,0.3378371912318115,207.57381749153137,225
0.005,3,3,2,8,0.0005,0.5,1024,128,128,ReduceLROnPlateau,0.1,0.5,0.25,0.5,0.1,"(0.9, 1.1)","(0.9, 1.1)",0.32200695227805337,0.3366789184056928,0.5802403970818413,0.9094669810454996,18,3.429313586413871,0.384924136559407,117.43033003807068,45
0.001,3,3,2,8,0.001,0.5,1024,128,64,ReduceLROnPlateau,0.1,0.8,0.1,0.2,0.01,"(0.8, 1.2)","(0.9, 1.1)",0.30991931093740716,0.33770728815382456,0.5811258797832226,0.9091904522436943,29,,0.3387608131652297,257.7145206928253,94
0.001,3,3,2,8,0.001,0.5,1024,128,32,ReduceLROnPlateau,0.1,0.8,0.25,0.5,0.01,"(0.9, 1.1)","(0.9, 1.1)",0.32729095412986403,0.3383282390724178,0.5816598998318673,0.9090234784350905,17,,0.36336227167797375,223.13623571395874,210
0.001,3,3,2,8,0.001,0.3,1024,128,32,ReduceLROnPlateau,0.1,0.5,0.1,0.8,0.01,"(0.8, 1.2)","(0.9, 1.1)",0.3327131187511134,0.338575731936722,0.5818726079965632,0.9089569275613938,17,,0.34152791940195615,163.97807240486145,65
0.01,3,3,2,8,0.0005,0.4,1024,128,64,ReduceLROnPlateau,0.1,0.8,0.4,0.2,0.05,"(0.5, 2.0)","(0.8, 1.2)",0.3369225582805507,0.3387176503253835,0.5819945449275135,0.9089187656823206,19,3.762490139230723,0.34813977518612876,161.51208639144897,172
0.005,3,3,2,8,0.001,0.3,1024,128,32,ReduceLROnPlateau,0.1,0.8,0.4,0.2,0.1,"(0.5, 2.0)","(0.9, 1.1)",0.396149907767415,0.3410371873895014,0.5839838930908124,0.9082950417676013,16,,0.341074909845511,197.09885048866272,131
0.0001,3,3,2,8,0.001,0.4,1024,128,32,ReduceLROnPlateau,0.1,0.8,0.25,0.2,0.1,"(0.9, 1.1)","(0.9, 1.1)",0.313385098931759,0.34204504509238154,0.5848461721618613,0.9080240286582852,16,,0.45381333210910074,200.881676197052,99
0.001,3,3,2,8,0.001,0.5,1024,128,32,ReduceLROnPlateau,0.1,0.5,0.1,0.2,0.1,"(0.5, 2.0)","(0.8, 1.2)",0.3413622415676568,0.34236558257368344,0.5851201437086946,0.9079378360745389,17,,0.34235359159006895,190.6185748577118,179
0.005,3,3,2,8,0.0005,0.5,1024,128,64,ReduceLROnPlateau,0.1,0.5,0.4,0.2,0.01,"(0.8, 1.2)","(0.9, 1.1)",0.3167229228497267,0.34249569382721323,0.5852313165127215,0.9079028491361295,24,4.448965742310909,0.3758324091439397,184.65544891357422,162
0.01,3,3,2,8,0.0005,0.5,1024,128,32,ReduceLROnPlateau,0.1,0.8,0.1,0.8,0.05,"(0.5, 2.0)","(0.7, 1.3)",0.32026720551534965,0.342542593271374,0.5852713842922563,0.9078902378675437,19,4.458494571828826,0.3474760913996435,241.23710918426514,112
0.0001,3,3,2,8,0.0005,0.4,1024,128,32,ReduceLROnPlateau,0.1,1.0,0.25,0.2,0.05,"(0.8, 1.2)","(0.8, 1.2)",0.3180364052697133,0.34590216855308514,0.5881344816902722,0.9069868474975779,22,,0.35609468331438926,285.85648703575134,102
0.01,3,3,2,8,0.001,0.4,1024,128,32,ReduceLROnPlateau,0.1,0.5,0.25,0.2,0.1,"(0.5, 2.0)","(0.8, 1.2)",0.35421679809761064,0.3460242189127572,0.588238233127325,0.9069540281349106,16,,0.35301177760129215,154.69512748718262,204
0.001,3,3,2,8,0.001,0.4,1024,128,64,ReduceLROnPlateau,0.1,0.5,0.4,0.8,0.01,"(0.8, 1.2)","(0.7, 1.3)",0.372296982975379,0.3466003820350196,0.5887277656396203,0.9067990977724285,21,3.613521989856674,0.3465911770774651,158.84297394752502,85
0.0001,3,3,2,8,0.001,0.2,1024,128,32,ReduceLROnPlateau,0.1,0.5,0.4,0.2,0.05,"(0.8, 1.2)","(0.9, 1.1)",0.3194072430068089,0.34692229401648217,0.5890010984849537,0.9067125355853529,18,,0.3473182500213586,191.2699797153473,142
0.005,3,3,2,8,0.001,0.5,1024,128,64,ReduceLROnPlateau,0.1,0.8,0.4,0.5,0.05,"(0.8, 1.2)","(0.8, 1.2)",0.3132894518423465,0.34971855692697423,0.5913700676623516,0.9059606200087076,41,3.41692460775672,0.35805074871033543,358.75648975372314,9
0.001,3,3,2,8,0.001,0.5,1024,128,128,ReduceLROnPlateau,0.1,0.8,0.1,0.2,0.01,"(0.5, 2.0)","(0.9, 1.1)",0.3308301488043935,0.3541749845786296,0.5951260241147497,0.9047622858481751,19,,0.3689311773356243,143.2842836380005,54
0.005,3,3,2,8,0.001,0.5,1024,128,64,ReduceLROnPlateau,0.1,1.0,0.4,0.2,0.1,"(0.9, 1.1)","(0.9, 1.1)",0.33187347199540335,0.3578114065067002,0.5981733916739361,0.903784451367479,17,3.6373827378841064,0.4001499078838072,179.12961220741272,202
0.0001,3,3,2,8,0.001,0.5,1024,128,128,ReduceLROnPlateau,0.1,1.0,0.4,0.8,0.1,"(0.8, 1.2)","(0.9, 1.1)",0.3216927285360512,0.36135944108037127,0.6011318000907715,0.9028303842615536,21,3.9084450763828533,0.3799225768489401,173.07230830192566,29
0.0001,3,3,2,8,0.001,0.4,1024,128,32,ReduceLROnPlateau,0.1,0.5,0.25,0.2,0.1,"(0.5, 2.0)","(0.7, 1.3)",0.3286370859775701,0.36447988892481686,0.6037216982391944,0.9019912953005177,18,,0.3859264638691313,195.48939299583435,101
0.001,3,3,2,8,0.001,0.4,1024,128,32,ReduceLROnPlateau,0.1,0.8,0.25,0.8,0.01,"(0.5, 2.0)","(0.9, 1.1)",0.3332571526787957,0.36809066766948273,0.606704761535199,0.9010203562762411,18,,,199.16510009765625,66
0.01,3,3,2,8,0.0005,0.5,1024,128,64,ReduceLROnPlateau,0.1,0.8,0.4,0.8,0.05,"(0.9, 1.1)","(0.9, 1.1)",0.33828534695861584,0.37092314073955907,0.6090345973256027,0.9002587037814676,16,2.885504019083511,0.39143972456321086,148.08467268943787,130
0.01,3,3,2,8,0.001,0.5,1024,128,32,ReduceLROnPlateau,0.1,0.8,0.25,0.8,0.1,"(0.5, 2.0)","(0.9, 1.1)",0.3272278072415709,0.37274600352598664,0.6105292814648505,0.8997685356652797,18,,0.3838650003556282,197.11314225196838,173
0.0001,3,3,2,8,0.0005,0.5,1024,128,64,ReduceLROnPlateau,0.1,0.5,0.4,0.2,0.1,"(0.5, 2.0)","(0.7, 1.3)",0.3536816972873753,0.37335131392270726,0.6110248063071639,0.8996057675956923,21,4.15550399440581,0.3740202125399433,157.87580633163452,46
0.005,3,3,2,8,0.0005,0.5,1024,128,64,ReduceLROnPlateau,0.1,0.5,0.25,0.2,0.01,"(0.9, 1.1)","(0.8, 1.2)",0.3149077319343646,0.37577978996149886,0.6130088008842115,0.8989527499719825,53,8.520873157992705,0.39059208354284597,389.0353636741638,128
0.0001,3,3,2,8,0.001,0.4,1024,128,32,ReduceLROnPlateau,0.1,0.5,0.25,0.8,0.05,"(0.8, 1.2)","(0.7, 1.3)",0.33208176353424007,0.37784843580845423,0.614693774011462,0.8983964907486269,16,,0.38720421704777364,171.5019907951355,157
0.001,3,3,2,8,0.001,0.4,1024,128,32,ReduceLROnPlateau,0.1,0.5,0.25,0.8,0.01,"(0.9, 1.1)","(0.8, 1.2)",0.4747418733317425,0.3874997883556484,0.6224948099025793,0.8958012403919092,17,,0.38750001946205676,183.4829065799713,176
0.01,3,3,2,8,0.001,0.5,1024,128,128,ReduceLROnPlateau,0.1,0.8,0.25,0.5,0.1,"(0.8, 1.2)","(0.9, 1.1)",0.3388362873967706,0.3908513922437489,0.6251810875608353,0.8948999935310537,26,,0.3993202172314772,179.71515274047852,25
0.0001,3,3,2,8,0.001,0.5,1024,128,64,ReduceLROnPlateau,0.1,0.8,0.4,0.8,0.1,"(0.5, 2.0)","(0.7, 1.3)",0.36021443359335836,0.39414222720156344,0.6278074762230563,0.8940150874459837,17,,0.3945921121037999,159.4018201828003,120
0.001,3,3,2,8,0.001,0.4,1024,128,64,ReduceLROnPlateau,0.1,0.5,0.25,0.5,0.05,"(0.9, 1.1)","(0.8, 1.2)",0.3534723346350297,0.39596711829555076,0.6292591821305039,0.8935243739175448,20,,0.3960598157879471,148.73871445655823,82
0.005,3,3,2,8,0.001,0.5,1024,128,128,ReduceLROnPlateau,0.1,0.5,0.4,0.5,0.05,"(0.9, 1.1)","(0.8, 1.2)",0.3465811832598833,0.39737514117379774,0.6303769833788332,0.8931457563238792,26,4.520383116233114,0.4019648835722522,164.92102193832397,163
0.0001,3,3,2,8,0.001,0.5,1024,128,64,ReduceLROnPlateau,0.1,0.5,0.4,0.5,0.1,"(0.9, 1.1)","(0.9, 1.1)",0.3445728008358083,0.39789233705268234,0.6307870774300012,0.8930066822632639,18,,0.4655526764036924,140.2708842754364,53
0.0001,3,3,2,8,0.001,0.5,1024,128,64,ReduceLROnPlateau,0.1,1.0,0.1,0.8,0.05,"(0.8, 1.2)","(0.7, 1.3)",0.3369239251976252,0.3994897885071958,0.6320520457266124,0.8925771272929224,21,,0.41411278312781297,213.80410146713257,182
0.005,3,3,2,8,0.001,0.3,1024,128,32,ReduceLROnPlateau,0.1,0.8,0.4,0.2,0.01,"(0.8, 1.2)","(0.7, 1.3)",0.3474131553344769,0.40141772154727534,0.633575347963662,0.8920587057674909,16,,0.4250954085557155,209.6627163887024,7
0.01,3,3,2,8,0.001,0.5,1024,128,32,ReduceLROnPlateau,0.1,0.5,0.25,0.8,0.05,"(0.5, 2.0)","(0.9, 1.1)",0.35388350804667684,0.4043988296813557,0.6359236036516931,0.8912570852784916,18,,0.41436793550636564,178.08846402168274,38
0.001,3,3,2,8,0.001,0.4,1024,128,32,ReduceLROnPlateau,0.1,1.0,0.25,0.5,0.05,"(0.8, 1.2)","(0.9, 1.1)",0.3550781957252036,0.4157963371715634,0.6448227176298641,0.8881922935578479,19,,0.43615797598023925,258.83443665504456,213
0.01,3,3,2,8,0.001,0.5,1024,128,64,ReduceLROnPlateau,0.1,0.8,0.4,0.8,0.05,"(0.8, 1.2)","(0.8, 1.2)",0.3420659232206883,0.42178164112446753,0.6494471811660033,0.8865828442974586,29,,0.4267612234641087,259.8081223964691,83
0.01,3,3,2,8,0.001,0.5,1024,128,64,ReduceLROnPlateau,0.1,1.0,0.4,0.5,0.01,"(0.8, 1.2)","(0.7, 1.3)",0.3507756068016118,0.42297721845916747,0.6503669875225583,0.8862613533469218,19,,0.4333810788321477,185.86578798294067,96
0.005,3,3,2,8,0.001,0.5,1024,128,32,ReduceLROnPlateau,0.1,1.0,0.25,0.2,0.05,"(0.9, 1.1)","(0.9, 1.1)",0.4401278644436209,0.4291088958055097,0.6550640394690505,0.8846125442559101,16,,0.4291416532335564,240.36578750610352,8
0.001,3,3,2,8,0.001,0.4,1024,128,32,ReduceLROnPlateau,0.1,0.8,0.25,0.5,0.01,"(0.8, 1.2)","(0.9, 1.1)",0.39371581395268884,0.5365154833219663,0.7324721723874337,0.8557308944350309,16,,0.5975713720289461,214.55530261993408,208
0.01,3,3,2,8,0.002,0.4,1024,128,128,ReduceLROnPlateau,0.1,0.8,0.25,0.8,0.01,"(0.5, 2.0)","(0.8, 1.2)",0.43896656445238885,0.5681700188628737,0.7537705346210302,0.8472189843941782,18,,0.5684555469959728,135.94628357887268,40
0.001,3,3,2,8,0.001,0.5,1024,128,32,ReduceLROnPlateau,0.1,1.0,0.4,0.8,0.01,"(0.9, 1.1)","(0.7, 1.3)",0.4667902497520862,0.7014936149038848,0.8375521565275114,0.8113682465320629,19,,0.7326534016724376,227.7224726676941,68
0.001,3,3,2,8,0.002,0.2,1024,128,128,ReduceLROnPlateau,0.1,1.0,0.1,0.2,0.1,"(0.9, 1.1)","(0.9, 1.1)",0.6019290695667981,0.7216075158290347,0.8494748470843823,0.8059596151204836,16,,0.7219999833475443,137.1795949935913,117
0.01,3,3,2,8,0.002,0.2,1024,128,128,ReduceLROnPlateau,0.1,0.5,0.4,0.2,0.05,"(0.5, 2.0)","(0.7, 1.3)",0.44737674297757907,0.7729842742152463,0.8791952423752339,0.7921443959709586,17,,0.7959720758415216,105.50824618339539,171
0.01,3,3,2,8,0.002,0.3,1024,128,128,ReduceLROnPlateau,0.1,1.0,0.25,0.5,0.01,"(0.5, 2.0)","(0.8, 1.2)",0.7215039513917766,0.8101310979790219,0.9000728292638446,0.7821556086841556,16,,0.8101448122129705,133.9642584323883,133
0.0001,3,3,2,8,0.002,0.4,1024,128,128,ReduceLROnPlateau,0.1,0.5,0.1,0.5,0.1,"(0.5, 2.0)","(0.8, 1.2)",0.659534834103037,0.8256422826026523,0.9086486023775375,0.7779846484761697,17,,0.8254878691820301,112.12960934638977,185
0.0001,3,3,2,8,0.002,0.3,1024,128,64,ReduceLROnPlateau,0.1,1.0,0.25,0.8,0.01,"(0.5, 2.0)","(0.8, 1.2)",0.5579801883439058,0.8468911997105667,0.920266917644314,0.7722708110182052,16,,0.8469127451130437,157.54732394218445,217
0.001,3,3,2,8,0.002,0.2,1024,128,64,ReduceLROnPlateau,0.1,0.8,0.25,0.2,0.05,"(0.9, 1.1)","(0.7, 1.3)",0.592858996286217,1.1018405893290733,1.0496859479525642,0.7037148763844902,16,,1.1019863927802553,136.75541424751282,76
0.0001,3,3,2,8,0.002,0.3,1024,128,128,ReduceLROnPlateau,0.1,0.5,0.25,0.8,0.1,"(0.5, 2.0)","(0.7, 1.3)",0.746059531350066,1.159898201976687,1.0769857018441271,0.6881031743772208,18,,1.1843026367686158,110.41667175292969,43
0.0001,3,3,2,8,0.002,0.4,1024,128,128,ReduceLROnPlateau,0.1,0.8,0.1,0.2,0.05,"(0.5, 2.0)","(0.9, 1.1)",0.6913810796635721,1.1623036467307781,1.0781018721488143,0.6874563498699205,16,,1.1623269464767525,126.40036249160767,248
0.01,3,3,2,8,0.002,0.5,1024,128,128,ReduceLROnPlateau,0.1,1.0,0.4,0.5,0.1,"(0.8, 1.2)","(0.9, 1.1)",0.8975941341994672,1.3730112399997743,1.1717556229861985,0.6307970418692548,17,,1.3728761906831317,144.69258499145508,127
0.01,3,3,2,8,0.002,0.2,1024,128,64,ReduceLROnPlateau,0.1,0.8,0.25,0.5,0.1,"(0.9, 1.1)","(0.8, 1.2)",1.016092790184393,1.4636704031422156,1.2098224676134162,0.6064187773374562,16,,1.4636133285545354,154.41759991645813,250
0.01,3,3,2,8,0.002,0.3,1024,128,128,ReduceLROnPlateau,0.1,0.5,0.25,0.2,0.05,"(0.5, 2.0)","(0.9, 1.1)",1.0021630004266107,1.507818326572546,1.2279325415398625,0.594547393148489,16,,1.5076720062897604,104.18662810325623,17
0.01,3,3,2,8,0.002,0.3,1024,128,64,ReduceLROnPlateau,0.1,1.0,0.1,0.8,0.05,"(0.8, 1.2)","(0.7, 1.3)",0.782415427077201,1.5089086264156806,1.2283764188617756,0.5942542113335063,16,,1.5094148594816197,164.3804886341095,193
0.0001,3,3,2,8,0.002,0.5,1024,128,128,ReduceLROnPlateau,0.1,0.8,0.1,0.2,0.01,"(0.9, 1.1)","(0.7, 1.3)",0.7013932669372015,1.593954910357938,1.2625192712818043,0.5713852509821592,17,,1.7894633253266377,138.08820247650146,2
0.0001,3,3,2,8,0.002,0.2,1024,128,64,ReduceLROnPlateau,0.1,0.5,0.25,0.5,0.05,"(0.5, 2.0)","(0.8, 1.2)",0.8717425411671332,1.6500902205334713,1.2845583756814913,0.5562904564396198,16,,1.6502221043272656,130.02767324447632,95
0.005,3,3,2,8,0.002,0.5,1024,128,128,ReduceLROnPlateau,0.1,0.8,0.1,0.2,0.05,"(0.5, 2.0)","(0.8, 1.2)",0.8365734776743622,1.6640529839058131,1.2899817765789612,0.5525358669719116,19,,1.6652673172485712,145.43298482894897,239
0.0001,3,3,2,8,0.002,0.4,1024,128,128,ReduceLROnPlateau,0.1,0.5,0.25,0.5,0.05,"(0.8, 1.2)","(0.7, 1.3)",1.1008119304096082,1.6690519489569597,1.2919179342965093,0.5511916444115224,16,,1.6692943269653777,108.48523592948914,126
0.01,3,3,2,8,0.002,0.4,1024,128,64,ReduceLROnPlateau,0.1,0.8,0.4,0.5,0.05,"(0.5, 2.0)","(0.7, 1.3)",1.1473506811106913,1.8768390045355516,1.3699777387007248,0.4953176694971537,16,,1.8771240344820215,152.83106899261475,78
0.0001,3,3,2,8,0.002,0.2,1024,128,32,ReduceLROnPlateau,0.1,0.5,0.1,0.5,0.1,"(0.9, 1.1)","(0.7, 1.3)",1.2030425006170875,1.9256813825658654,1.3876892240577015,0.48218394566038814,16,,1.926009353460983,159.2255790233612,188
0.01,3,3,2,8,0.002,0.2,1024,128,32,ReduceLROnPlateau,0.1,0.5,0.1,0.2,0.01,"(0.5, 2.0)","(0.8, 1.2)",1.2785898925090138,2.0757686543024643,1.4407528081882972,0.44182545252603156,16,,2.0758859243593264,176.328218460083,56
0.01,3,3,2,8,0.002,0.3,1024,128,128,ReduceLROnPlateau,0.1,1.0,0.4,0.5,0.01,"(0.8, 1.2)","(0.7, 1.3)",0.9545428133976701,2.1768353216722516,1.475410221488333,0.41464860832091965,17,,2.1771636890274015,140.47282528877258,93
0.0001,3,3,2,8,0.002,0.5,1024,128,64,ReduceLROnPlateau,0.1,0.5,0.25,0.5,0.01,"(0.8, 1.2)","(0.9, 1.1)",0.8394573435655504,2.192651948142436,1.480760597849104,0.4103955147479623,16,,2.4087585557070517,117.60407400131226,150
0.001,3,3,2,8,0.002,0.3,1024,128,128,ReduceLROnPlateau,0.1,1.0,0.25,0.8,0.01,"(0.5, 2.0)","(0.8, 1.2)",1.2461879584819682,2.2088007229141486,1.4862034594611024,0.4060531064397066,17,,2.2097643758511953,146.69660902023315,14
0.01,3,3,2,8,0.002,0.5,1024,128,128,ReduceLROnPlateau,0.1,0.5,0.1,0.5,0.1,"(0.8, 1.2)","(0.8, 1.2)",0.8147681858709496,2.272662065304577,1.5075350958782276,0.38888078050831054,17,,2.4011086966878743,103.78001856803894,32
0.005,3,3,2,8,0.002,0.4,1024,128,64,ReduceLROnPlateau,0.1,1.0,0.25,0.2,0.1,"(0.5, 2.0)","(0.9, 1.1)",1.2657481458317668,2.413334148908511,1.5534909555283902,0.351054033079064,16,,2.4124389253517604,166.74955201148987,114
0.01,3,3,2,8,0.002,0.4,1024,128,128,ReduceLROnPlateau,0.1,0.5,0.1,0.8,0.1,"(0.5, 2.0)","(0.9, 1.1)",1.0877138132081385,2.685657441495868,1.6387975596442252,0.2778262529545741,16,,2.6865138716252335,105.88133931159973,159
0.01,3,3,2,8,0.002,0.3,1024,128,64,ReduceLROnPlateau,0.1,0.8,0.25,0.2,0.05,"(0.5, 2.0)","(0.8, 1.2)",1.4565566554759912,2.7294149388176523,1.6520941071312047,0.26605985441321656,16,,2.7273704139612174,154.066002368927,11
0.0001,3,3,2,8,0.002,0.2,1024,128,128,ReduceLROnPlateau,0.1,0.5,0.4,0.2,0.05,"(0.5, 2.0)","(0.8, 1.2)",1.439230630756587,2.8478734472536997,1.6875643535147629,0.23420634115985695,19,,2.846726049504062,119.21371841430664,195
0.005,3,3,2,8,0.002,0.2,1024,128,64,ReduceLROnPlateau,0.1,1.0,0.1,0.2,0.01,"(0.5, 2.0)","(0.7, 1.3)",1.3016010987374091,2.9777826659472444,1.7256252970871875,0.1992737299525965,16,,2.977163227724117,153.81792974472046,135
0.0001,3,3,2,8,0.002,0.3,1024,128,128,ReduceLROnPlateau,0.1,0.5,0.4,0.5,0.05,"(0.8, 1.2)","(0.8, 1.2)",1.414481013434325,3.6823470285449607,1.9189442484201986,0.009816251902655226,17,,3.6821137026567166,107.9123809337616,229
0.01,3,3,2,8,0.002,0.3,1024,128,32,ReduceLROnPlateau,0.1,0.5,0.1,0.5,0.05,"(0.8, 1.2)","(0.7, 1.3)",1.7160197982587766,3.720829451338562,1.9289451654566445,-0.0005316781925404079,17,,,172.16376543045044,58
0.001,3,3,2,8,0.002,0.4,1024,128,64,ReduceLROnPlateau,0.1,0.8,0.4,0.8,0.05,"(0.5, 2.0)","(0.8, 1.2)",1.8525328794729414,4.4380320877423785,2.106663733903059,-0.1933875902384623,16,,4.439289545887678,149.91333603858948,222
0.001,3,3,2,8,0.002,0.2,1024,128,64,ReduceLROnPlateau,0.1,1.0,0.4,0.2,0.1,"(0.8, 1.2)","(0.8, 1.2)",1.4217461553642112,4.625787027647134,2.1507642891881793,-0.24387492580936954,15,,,149.38257694244385,26
0.005,3,3,2,8,0.002,0.5,1024,128,64,ReduceLROnPlateau,0.1,0.5,0.4,0.2,0.1,"(0.8, 1.2)","(0.8, 1.2)",1.4217461553642112,4.625787027647134,2.1507642891881793,-0.24387492580936954,15,,,118.0263078212738,31
0.005,3,3,2,8,0.002,0.5,1024,128,64,ReduceLROnPlateau,0.1,0.8,0.25,0.5,0.01,"(0.8, 1.2)","(0.8, 1.2)",1.4217461553642112,4.625787027647134,2.1507642891881793,-0.24387492580936954,15,,,139.65222692489624,100
0.005,3,3,2,8,0.002,0.5,1024,128,64,ReduceLROnPlateau,0.1,0.5,0.25,0.2,0.05,"(0.8, 1.2)","(0.8, 1.2)",1.4217461553642112,4.625787027647134,2.1507642891881793,-0.24387492580936954,15,,,120.46352744102478,108
0.0001,3,3,2,8,0.002,0.3,1024,128,64,ReduceLROnPlateau,0.1,1.0,0.25,0.2,0.1,"(0.9, 1.1)","(0.8, 1.2)",1.4217461553642112,4.625787027647134,2.1507642891881793,-0.24387492580936954,15,,,155.7859025001526,116
0.001,3,3,2,8,0.002,0.3,1024,128,64,ReduceLROnPlateau,0.1,1.0,0.25,0.5,0.1,"(0.5, 2.0)","(0.9, 1.1)",1.4217461553642112,4.625787027647134,2.1507642891881793,-0.24387492580936954,15,,,157.42634057998657,243
0.005,3,3,2,8,0.002,0.3,1024,128,32,ReduceLROnPlateau,0.1,0.8,0.25,0.8,0.01,"(0.8, 1.2)","(0.9, 1.1)",1.4217461551249877,4.625787028229931,2.150764289323665,-0.24387492596608373,15,,,198.89180302619934,5
0.0001,3,3,2,8,0.002,0.3,1024,128,32,ReduceLROnPlateau,0.1,0.5,0.25,0.5,0.1,"(0.5, 2.0)","(0.9, 1.1)",1.4217461551249877,4.625787028229931,2.150764289323665,-0.24387492596608373,15,,,178.33912539482117,15
0.01,3,3,2,8,0.002,0.2,1024,128,32,ReduceLROnPlateau,0.1,0.5,0.1,0.2,0.1,"(0.9, 1.1)","(0.8, 1.2)",1.4217461551249877,4.625787028229931,2.150764289323665,-0.24387492596608373,15,,,153.2503809928894,33
0.0001,3,3,2,8,0.002,0.2,1024,128,32,ReduceLROnPlateau,0.1,1.0,0.1,0.8,0.01,"(0.9, 1.1)","(0.8, 1.2)",1.4217461551249877,4.625787028229931,2.150764289323665,-0.24387492596608373,15,,,187.8384144306183,50
0.0001,3,3,2,8,0.002,0.5,1024,128,32,ReduceLROnPlateau,0.1,0.8,0.1,0.8,0.05,"(0.9, 1.1)","(0.8, 1.2)",1.4217461551249877,4.625787028229931,2.150764289323665,-0.24387492596608373,15,,,169.10330057144165,71
0.001,3,3,2,8,0.002,0.4,1024,128,32,ReduceLROnPlateau,0.1,1.0,0.25,0.5,0.1,"(0.5, 2.0)","(0.9, 1.1)",1.4217461551249877,4.625787028229931,2.150764289323665,-0.24387492596608373,15,,,178.14733171463013,75
0.005,3,3,2,8,0.002,0.3,1024,128,32,ReduceLROnPlateau,0.1,0.8,0.25,0.5,0.05,"(0.9, 1.1)","(0.8, 1.2)",1.4217461551249877,4.625787028229931,2.150764289323665,-0.24387492596608373,15,,,179.740629196167,103
0.001,3,3,2,8,0.002,0.3,1024,128,32,ReduceLROnPlateau,0.1,0.8,0.1,0.8,0.1,"(0.9, 1.1)","(0.8, 1.2)",1.4217461551249877,4.625787028229931,2.150764289323665,-0.24387492596608373,15,,,193.4608702659607,134
0.005,3,3,2,8,0.002,0.5,1024,128,32,ReduceLROnPlateau,0.1,0.5,0.1,0.8,0.01,"(0.9, 1.1)","(0.7, 1.3)",1.4217461551249877,4.625787028229931,2.150764289323665,-0.24387492596608373,15,,,156.83834099769592,138
0.005,3,3,2,8,0.002,0.3,1024,128,32,ReduceLROnPlateau,0.1,0.5,0.4,0.5,0.05,"(0.5, 2.0)","(0.7, 1.3)",1.4217461551249877,4.625787028229931,2.150764289323665,-0.24387492596608373,15,,,156.1498544216156,143
0.01,3,3,2,8,0.002,0.5,1024,128,32,ReduceLROnPlateau,0.1,0.8,0.25,0.2,0.1,"(0.8, 1.2)","(0.7, 1.3)",1.4217461551249877,4.625787028229931,2.150764289323665,-0.24387492596608373,15,,,179.67519807815552,151
0.01,3,3,2,8,0.002,0.5,1024,128,32,ReduceLROnPlateau,0.1,1.0,0.1,0.5,0.05,"(0.8, 1.2)","(0.7, 1.3)",1.4217461551249877,4.625787028229931,2.150764289323665,-0.24387492596608373,15,,,219.01585912704468,178
0.005,3,3,2,8,0.002,0.4,1024,128,32,ReduceLROnPlateau,0.1,1.0,0.4,0.5,0.01,"(0.5, 2.0)","(0.9, 1.1)",1.4217461551249877,4.625787028229931,2.150764289323665,-0.24387492596608373,15,,,179.540874004364,198
0.001,3,3,2,8,0.002,0.2,1024,128,32,ReduceLROnPlateau,0.1,0.8,0.1,0.2,0.05,"(0.8, 1.2)","(0.8, 1.2)",1.4217461551249877,4.625787028229931,2.150764289323665,-0.24387492596608373,15,,,198.0457158088684,199
0.01,3,3,2,8,0.002,0.5,1024,128,32,ReduceLROnPlateau,0.1,0.8,0.4,0.5,0.05,"(0.8, 1.2)","(0.8, 1.2)",1.4217461551249877,4.625787028229931,2.150764289323665,-0.24387492596608373,15,,,185.40302348136902,233
0.005,3,3,2,8,0.002,0.2,1024,128,32,ReduceLROnPlateau,0.1,0.5,0.4,0.5,0.05,"(0.5, 2.0)","(0.9, 1.1)",1.4217461551249877,4.625787028229931,2.150764289323665,-0.24387492596608373,15,,,172.45211052894592,237
0.0001,3,3,2,8,0.002,0.5,1024,128,64,ReduceLROnPlateau,0.1,0.5,0.25,0.8,0.05,"(0.8, 1.2)","(0.9, 1.1)",1.640987657643223,4.902885562362838,2.214246048288861,-0.3183867693619027,16,,4.903899950884557,127.62448215484619,160
0.0001,3,3,2,8,0.002,0.2,1024,128,32,ReduceLROnPlateau,0.1,1.0,0.1,0.2,0.01,"(0.9, 1.1)","(0.8, 1.2)",2.0259486047067945,5.17608818696581,2.2751017970556418,-0.39185100201633993,16,,5.174141543160143,208.0121669769287,84
0.005,3,3,2,8,0.002,0.5,1024,128,128,ReduceLROnPlateau,0.1,1.0,0.4,0.2,0.01,"(0.8, 1.2)","(0.8, 1.2)",1.9179585233060201,5.255677804467445,2.2925265111809385,-0.41325266382509773,16,,5.255603826877683,138.13451147079468,91
0.01,3,3,2,8,0.002,0.2,1024,128,32,ReduceLROnPlateau,0.1,0.5,0.1,0.5,0.01,"(0.8, 1.2)","(0.8, 1.2)",2.1722334476307825,5.495344048220442,2.344215017488891,-0.4776989579120312,18,,5.492712819299032,181.87018013000488,181
0.005,3,3,2,8,0.002,0.2,1024,128,64,ReduceLROnPlateau,0.1,0.5,0.1,0.5,0.05,"(0.9, 1.1)","(0.7, 1.3)",2.19683411951201,5.628654108366093,2.3724784737413516,-0.5135460559695606,17,1.75050683568737,5.630550748749237,141.8542332649231,194
0.001,3,3,2,8,0.002,0.2,1024,128,64,ReduceLROnPlateau,0.1,1.0,0.4,0.5,0.05,"(0.8, 1.2)","(0.8, 1.2)",2.2188054496324425,5.75179484263526,2.398289983016078,-0.5466586205532096,20,1.9415812251879778,5.751217943121416,193.82343363761902,148
0.005,3,3,2,8,0.002,0.3,1024,128,64,ReduceLROnPlateau,0.1,1.0,0.1,0.2,0.1,"(0.5, 2.0)","(0.9, 1.1)",1.6922767594467403,5.755398624041055,2.399041188483652,-0.5476276779918625,16,,5.7553520224189185,160.55024313926697,118
0.0001,3,3,2,8,0.002,0.2,1024,128,32,ReduceLROnPlateau,0.1,0.8,0.25,0.8,0.01,"(0.8, 1.2)","(0.8, 1.2)",2.2248495708431233,5.799880557617927,2.4082941177559536,-0.559588877566572,16,,5.799154380203098,191.38290524482727,190
0.01,3,3,2,8,0.002,0.3,1024,128,64,ReduceLROnPlateau,0.1,0.8,0.25,0.8,0.1,"(0.5, 2.0)","(0.7, 1.3)",2.2395784088114734,5.8901536018866985,2.4269638649734153,-0.5838633146669585,16,,5.888332889639875,136.20432901382446,63
0.0001,3,3,2,8,0.002,0.2,1024,128,32,ReduceLROnPlateau,0.1,0.5,0.25,0.8,0.1,"(0.5, 2.0)","(0.8, 1.2)",2.243219818731939,5.893139941031285,2.427579028792118,-0.5846663417755806,31,,5.892821905976029,296.9658453464508,206
0.001,3,3,2,8,0.002,0.3,1024,128,32,ReduceLROnPlateau,0.1,1.0,0.25,0.8,0.1,"(0.8, 1.2)","(0.8, 1.2)",2.3354813973268707,6.439533239709875,2.537623541763016,-0.7315915935855983,16,,6.442078227381552,206.9347140789032,192
0.005,3,3,2,8,0.002,0.3,1024,128,128,ReduceLROnPlateau,0.1,0.5,0.4,0.8,0.05,"(0.8, 1.2)","(0.8, 1.2)",2.3739724388637673,6.6327419608441485,2.575411027553495,-0.7835454518653338,16,,6.631780844815047,106.31764221191406,145
0.0001,3,3,2,8,0.002,0.4,1024,128,64,ReduceLROnPlateau,0.1,0.5,0.4,0.5,0.01,"(0.8, 1.2)","(0.9, 1.1)",2.3787406959047197,6.65733636260237,2.5801814592393244,-0.7901588907200607,16,,6.658956309502409,133.8901345729828,218
0.005,3,3,2,8,0.002,0.3,1024,128,32,ReduceLROnPlateau,0.1,0.8,0.4,0.5,0.05,"(0.9, 1.1)","(0.8, 1.2)",2.4239690814365233,6.89581383593174,2.625988163707472,-0.8542855242360134,17,,6.898775300815064,184.41443037986755,180
0.0001,3,3,2,8,0.002,0.3,1024,128,64,ReduceLROnPlateau,0.1,0.5,0.4,0.5,0.1,"(0.9, 1.1)","(0.7, 1.3)",2.4441577178156653,7.002607076318711,2.646243956312175,-0.8830022449084851,18,,7.003390161667385,148.5109841823578,4
0.005,3,3,2,8,0.002,0.3,1024,128,128,ReduceLROnPlateau,0.1,1.0,0.4,0.8,0.05,"(0.9, 1.1)","(0.9, 1.1)",2.4883207855696794,7.246541955338607,2.691940184205178,-0.9485963757514533,16,,7.24849992918056,133.09915494918823,47
0.01,3,3,2,8,0.002,0.2,1024,128,128,ReduceLROnPlateau,0.1,1.0,0.4,0.8,0.05,"(0.5, 2.0)","(0.9, 1.1)",2.4912579702876694,7.26307500702978,2.6950092777261045,-0.9530421161893179,16,,7.262550678024235,144.1870093345642,22
0.01,3,3,2,8,0.002,0.4,1024,128,64,ReduceLROnPlateau,0.1,1.0,0.25,0.2,0.1,"(0.5, 2.0)","(0.8, 1.2)",2.5176147824478434,7.4131663576128775,2.7227130509131654,-0.9934017061261982,16,,7.411800126535769,155.35160970687866,211
0.001,3,3,2,8,0.002,0.4,1024,128,32,ReduceLROnPlateau,0.1,1.0,0.4,0.2,0.01,"(0.5, 2.0)","(0.9, 1.1)",2.543083011389673,7.561154858200507,2.7497554178872905,-1.0331958393383163,26,,7.563459105466598,356.06401681900024,221
0.0001,3,3,2,8,0.002,0.4,1024,128,32,ReduceLROnPlateau,0.1,0.8,0.4,0.2,0.01,"(0.9, 1.1)","(0.8, 1.2)",2.675988229924722,8.380595769159072,2.894925865917653,-1.2535436409625071,16,,8.384386465554835,203.30579662322998,136
0.005,3,3,2,8,0.002,0.5,1024,128,128,ReduceLROnPlateau,0.1,0.5,0.1,0.5,0.1,"(0.9, 1.1)","(0.7, 1.3)",2.7017608059956806,8.54865144492742,2.9238076962973163,-1.2987338410255056,17,,8.54620212660816,105.28811979293823,144
0.005,3,3,2,8,0.002,0.4,1024,128,128,ReduceLROnPlateau,0.1,0.8,0.4,0.5,0.05,"(0.8, 1.2)","(0.8, 1.2)",2.7630596790928994,8.960921140222887,2.9934797711397496,-1.4095932328617824,16,,8.959846406866532,122.95628476142883,110
0.001,3,3,2,8,0.002,0.5,1024,128,128,ReduceLROnPlateau,0.1,1.0,0.1,0.5,0.05,"(0.8, 1.2)","(0.7, 1.3)",2.929060954156176,10.159748905201221,3.187436102136201,-1.7319582246584582,16,,10.164686390876055,135.18436121940613,154
0.001,3,3,2,8,0.002,0.5,1024,128,32,ReduceLROnPlateau,0.1,1.0,0.4,0.5,0.1,"(0.9, 1.1)","(0.9, 1.1)",2.9551404475550496,10.35940060908611,3.218602275691439,-1.785644602105854,16,,10.357935761368015,215.6117980480194,129
