iteration,rmse,mae,r2,total_params,training_time,epochs_trained,weight_decay,num_layers_temporal,num_layers_spatial,nhead_temporal,nhead_spatial,learning_rate,dropout_rate,dim_feedforward,d_model,batch_size,scheduler_type
96,0.4741312597445957,0.24468967269242525,0.9395511200106738,1625858,153.89810585975647,21,0.005,4,3,4,4,0.0003,0.25,512,128,64,ReduceLROnPlateau
61,0.4763359139006709,0.2659306555703808,0.9389876527682686,1021762,150.67856764793396,22,0.005,2,4,2,8,0.0003,0.25,512,96,64,ReduceLROnPlateau
71,0.47811375569979436,0.27238193799178584,0.9385313666837511,824130,195.62039232254028,28,0.005,4,3,2,8,0.0003,0.25,256,96,64,ReduceLROnPlateau
47,0.4790462205833896,0.27256653402042585,0.9382913684226275,417666,141.08754873275757,22,0.005,4,2,2,8,0.0003,0.25,256,64,64,ReduceLROnPlateau
57,0.4796354610470525,0.25439626739853227,0.9381394683186797,813954,168.4502673149109,24,0.005,2,4,8,8,0.0003,0.25,1024,64,64,ReduceLROnPlateau
31,0.48013333821071585,0.27674097507845524,0.9380109751870778,773474,133.45822048187256,22,0.005,3,2,2,8,0.0003,0.25,512,96,64,ReduceLROnPlateau
127,0.4811413799886416,0.2672872600871105,0.937750409555797,773474,117.76216435432434,23,0.005,3,2,2,4,0.0003,0.25,512,96,64,ReduceLROnPlateau
78,0.4830064569740133,0.2887999425571616,0.9372668705939188,1362690,148.42840147018433,21,0.005,4,2,4,4,0.0003,0.25,256,128,64,ReduceLROnPlateau
28,0.4861329602126374,0.2614775267720938,0.9364520983608986,1417026,183.10440683364868,23,0.005,4,2,4,8,0.0003,0.25,1024,96,64,ReduceLROnPlateau
149,0.4863105610964323,0.27101873392819104,0.9364056574649803,1021762,170.06944513320923,25,0.005,4,4,8,8,0.0003,0.25,512,96,64,ReduceLROnPlateau
126,0.4879785004261551,0.2863405284003731,0.9359686798846248,773474,132.4378490447998,25,0.005,1,3,8,4,0.0003,0.25,512,96,64,ReduceLROnPlateau
74,0.48865032464714186,0.27763514575254894,0.9357922483242911,1624194,146.47161197662354,22,0.005,3,2,8,8,0.0003,0.25,1024,128,64,ReduceLROnPlateau
82,0.48923872421209696,0.27242226769277145,0.9356375259914089,417666,171.62065148353577,26,0.005,4,2,8,8,0.0003,0.25,256,64,64,ReduceLROnPlateau
134,0.4896534382694921,0.2706459800410074,0.9355283631861724,317762,109.30065894126892,22,0.005,3,3,4,8,0.0003,0.25,256,64,64,ReduceLROnPlateau
44,0.4901019549390051,0.30350485154988616,0.9354101986020332,773474,116.66610407829285,22,0.005,3,2,4,4,0.0003,0.25,512,96,64,ReduceLROnPlateau
108,0.4906433544751341,0.2682078103994572,0.9352674193184398,417666,131.6457142829895,22,0.005,2,4,8,4,0.0003,0.25,256,64,64,ReduceLROnPlateau
23,0.4923510967365604,0.284594365158017,0.9348160162864412,1362690,178.10166811943054,22,0.005,1,4,8,8,0.0003,0.25,256,128,64,ReduceLROnPlateau
125,0.49285218243995715,0.28589842411141286,0.9346832679950057,773474,129.40772652626038,25,0.005,3,2,8,4,0.0003,0.25,512,96,64,ReduceLROnPlateau
142,0.49478759389366583,0.304244151592888,0.9341692681846244,1362690,144.72262239456177,21,0.005,2,4,2,8,0.0003,0.25,256,128,64,ReduceLROnPlateau
104,0.49752771630136255,0.2963119256992762,0.9334381110272402,2277794,137.36145853996277,21,0.005,2,3,4,4,0.0003,0.25,1024,160,64,ReduceLROnPlateau
54,0.4977642288235422,0.2815251928678555,0.9333748121935135,2033346,172.11974835395813,21,0.005,2,4,8,8,0.0003,0.25,256,160,64,ReduceLROnPlateau
60,0.4978719077390909,0.29500726957689616,0.9333459836697752,1021762,158.09262990951538,23,0.005,4,2,8,8,0.0003,0.25,512,96,64,ReduceLROnPlateau
52,0.49855972557959893,0.27768135831340174,0.9331616893192779,317762,122.6257803440094,22,0.005,3,3,8,4,0.0003,0.25,256,64,64,ReduceLROnPlateau
53,0.49893296759537437,0.3342060942408159,0.9330615761226178,625250,124.46086406707764,21,0.005,1,3,8,4,0.0003,0.25,256,96,64,ReduceLROnPlateau
6,0.5007581357772942,0.30536328471163027,0.9325709396879557,1021762,166.89869117736816,22,0.005,4,4,2,4,0.0003,0.25,512,96,64,ReduceLROnPlateau
66,0.5014626345492127,0.2940855641446655,0.9323810791448738,317762,126.29258799552917,24,0.005,3,3,8,8,0.0003,0.25,256,64,64,ReduceLROnPlateau
102,0.5017891659207808,0.2567767964200398,0.9322929892808057,1417026,160.84582614898682,23,0.005,2,4,4,4,0.0003,0.25,1024,96,64,ReduceLROnPlateau
116,0.502470816690473,0.3034775369385088,0.9321089124340105,833026,94.4676206111908,23,0.005,1,2,4,8,0.0003,0.25,512,128,64,ReduceLROnPlateau
136,0.5025112923490082,0.2788582547845826,0.9320979742976483,773474,116.0829701423645,22,0.005,1,3,2,4,0.0003,0.25,512,96,64,ReduceLROnPlateau
58,0.5028003915824546,0.2730512114552528,0.9320198225400341,1417026,163.29607367515564,22,0.005,1,4,4,8,0.0003,0.25,1024,96,64,ReduceLROnPlateau
32,0.5038370659356909,0.2833005330416598,0.931739210358145,1021762,188.5400848388672,25,0.005,3,4,4,8,0.0003,0.25,512,96,64,ReduceLROnPlateau
29,0.5045505398036567,0.27894701374004144,0.9315457479231886,824130,170.42745995521545,24,0.005,3,4,8,4,0.0003,0.25,256,96,64,ReduceLROnPlateau
43,0.5052296937725866,0.3291863687122932,0.9313613371929289,1069922,115.70431423187256,21,0.005,2,3,4,4,0.0003,0.25,1024,96,64,ReduceLROnPlateau
87,0.50544643045149,0.3281958300355495,0.9313024344525864,1043074,106.67329430580139,21,0.005,1,2,8,4,0.0003,0.25,256,160,64,ReduceLROnPlateau
100,0.5055998895257833,0.2803483626822992,0.9312607134528783,1624194,139.6120901107788,21,0.005,1,3,8,8,0.0003,0.25,1024,128,64,ReduceLROnPlateau
21,0.5061154724408279,0.32385292296228957,0.9311204488968162,1538210,152.85240864753723,21,0.005,1,3,4,4,0.0003,0.25,256,160,64,ReduceLROnPlateau
109,0.5061333720637531,0.2797380096690823,0.9311155767288575,417666,151.41848850250244,22,0.005,4,3,8,4,0.0003,0.25,256,64,64,ReduceLROnPlateau
34,0.5062293422382609,0.26992983092180967,0.931089451295352,1417026,182.55185914039612,24,0.005,4,2,2,4,0.0003,0.25,1024,96,64,ReduceLROnPlateau
59,0.5063321972511564,0.3045093128086925,0.9310614461410527,2033346,157.51543068885803,21,0.005,1,4,4,8,0.0003,0.25,256,160,64,ReduceLROnPlateau
135,0.5063806528190345,0.3404322532069522,0.9310482507857759,1069922,118.63304734230042,21,0.005,2,3,8,8,0.0003,0.25,1024,96,64,ReduceLROnPlateau
150,0.5064839219165225,0.28898581604361084,0.9310201244703541,549762,144.04296350479126,22,0.005,3,4,2,8,0.0003,0.25,512,64,64,ReduceLROnPlateau
120,0.5070696711213524,0.3040945434193242,0.9308604816084551,416834,110.81783437728882,22,0.005,2,3,2,4,0.0003,0.25,512,64,64,ReduceLROnPlateau
5,0.5071669511286148,0.32433255557761725,0.9308339505875446,417666,159.94657015800476,22,0.005,4,4,4,4,0.0003,0.25,256,64,64,ReduceLROnPlateau
15,0.5072248545359507,0.2931413951873198,0.9308181562675589,2033346,171.9034881591797,21,0.005,3,4,8,4,0.0003,0.25,256,160,64,ReduceLROnPlateau
94,0.5072709799076042,0.2701527944747792,0.930805573353624,1069922,151.74846529960632,24,0.005,3,3,8,8,0.0003,0.25,1024,96,64,ReduceLROnPlateau
115,0.5093889701630754,0.2938403049725969,0.9302265571032491,3019458,158.40695595741272,21,0.005,4,4,2,4,0.0003,0.25,1024,160,64,ReduceLROnPlateau
14,0.5097177409651621,0.3741735039631097,0.930136461420193,1362690,156.1032829284668,21,0.005,1,4,8,4,0.0003,0.25,256,128,64,ReduceLROnPlateau
119,0.5099222861612819,0.31023949633705283,0.9300803789363904,283906,85.45175361633301,22,0.005,1,2,2,4,0.0003,0.25,512,64,64,ReduceLROnPlateau
113,0.5107944069039425,0.34085848611772207,0.9298410071764902,1362690,137.22080636024475,21,0.005,3,4,4,8,0.0003,0.25,256,128,64,ReduceLROnPlateau
97,0.51175007380809,0.29862330621857663,0.9295782347239259,416834,136.99062514305115,25,0.005,3,2,2,8,0.0003,0.25,512,64,64,ReduceLROnPlateau
91,0.5119867708260467,0.3024349136416034,0.9295130760555932,625250,146.69351625442505,26,0.005,3,2,4,8,0.0003,0.25,256,96,64,ReduceLROnPlateau
112,0.5125042344251214,0.27781329639883123,0.9293705221783164,3019458,190.27826571464539,25,0.005,4,2,4,8,0.0003,0.25,1024,160,64,ReduceLROnPlateau
51,0.5141688301647093,0.3380607728662566,0.9289109729656141,773474,136.16617226600647,22,0.005,3,2,4,8,0.0003,0.25,512,96,64,ReduceLROnPlateau
129,0.5142785393493969,0.29632882870772864,0.928880632926331,1069922,153.56693983078003,28,0.005,1,3,4,8,0.0003,0.25,1024,96,64,ReduceLROnPlateau
138,0.5152274779747493,0.2888722312900239,0.9286179341237393,283906,95.5361442565918,22,0.005,2,2,8,4,0.0003,0.25,512,64,64,ReduceLROnPlateau
2,0.515399821778232,0.32210445827007606,0.9285701714759205,1207426,119.11807656288147,21,0.005,1,2,2,4,0.0003,0.25,512,160,64,ReduceLROnPlateau
86,0.515475889395826,0.2858760706535963,0.9285490853303108,317762,162.6452305316925,30,0.005,2,3,8,8,0.0003,0.25,256,64,64,ReduceLROnPlateau
80,0.5158516993004875,0.35479847035216644,0.928444864162061,1229442,130.60891437530518,21,0.005,1,3,2,8,0.0003,0.25,512,128,64,ReduceLROnPlateau
69,0.5176705174590008,0.26958660101076753,0.9279393885839752,2152194,235.83063793182373,30,0.005,1,4,8,8,0.0003,0.25,1024,128,64,ReduceLROnPlateau
46,0.51777898958237,0.28276116317195366,0.9279091864140409,614978,147.7446825504303,28,0.005,3,3,8,8,0.0003,0.25,1024,64,64,ReduceLROnPlateau
131,0.5178025968990639,0.28252298372347867,0.9279026125302088,1625858,185.36127424240112,27,0.005,4,4,2,8,0.0003,0.25,512,128,64,ReduceLROnPlateau
89,0.5192268288141753,0.2841572441964579,0.9275054549347608,416834,116.8805103302002,22,0.005,3,3,2,4,0.0003,0.25,512,64,64,ReduceLROnPlateau
117,0.5192319218000896,0.2930634352391319,0.9275040327605311,625250,118.14480113983154,24,0.005,3,2,2,4,0.0003,0.25,256,96,64,ReduceLROnPlateau
33,0.5192796128890775,0.3038446200815968,0.9274907147411253,2277794,155.58050155639648,22,0.005,3,2,8,4,0.0003,0.25,1024,160,64,ReduceLROnPlateau
13,0.5201262699804389,0.28507156426192937,0.9272540771148422,2152194,165.97340989112854,21,0.005,4,3,4,8,0.0003,0.25,1024,128,64,ReduceLROnPlateau
68,0.5203206325701415,0.2893453215502834,0.9271996990587822,2152194,194.26889443397522,25,0.005,4,2,4,4,0.0003,0.25,1024,128,64,ReduceLROnPlateau
17,0.5222582854061317,0.29145328142733745,0.9266564787643603,417666,153.18564772605896,22,0.005,4,3,8,8,0.0003,0.25,256,64,64,ReduceLROnPlateau
9,0.5224059613327484,0.3013482717950811,0.9266149950614414,1032066,143.66724586486816,22,0.005,2,3,4,8,0.0003,0.25,256,128,64,ReduceLROnPlateau
133,0.5229628416703179,0.306423806459047,0.9264584560817606,317762,169.21919775009155,32,0.005,2,3,2,4,0.0003,0.25,256,64,64,ReduceLROnPlateau
45,0.5241394328667628,0.2961013542044816,0.9261271680268607,1021762,137.50949096679688,22,0.005,4,2,2,4,0.0003,0.25,512,96,64,ReduceLROnPlateau
114,0.524455954313086,0.31237147043557345,0.9260379192723961,416834,102.55131483078003,21,0.005,1,3,2,4,0.0003,0.25,512,64,64,ReduceLROnPlateau
90,0.5260389201445732,0.2960547228247621,0.9255907658512271,1229442,135.4815547466278,22,0.005,2,3,8,8,0.0003,0.25,512,128,64,ReduceLROnPlateau
73,0.5260802886221909,0.2792824797438037,0.925579062086899,1096194,120.17936182022095,23,0.005,1,2,8,8,0.0003,0.25,1024,128,64,ReduceLROnPlateau
140,0.526641230715897,0.27762594998616164,0.9254202722833742,3019458,198.07561254501343,25,0.005,3,4,8,4,0.0003,0.25,1024,160,64,ReduceLROnPlateau
24,0.5284850098209881,0.30346153048885915,0.9248971485879108,1624194,151.27743792533875,22,0.005,2,3,2,4,0.0003,0.25,1024,128,64,ReduceLROnPlateau
48,0.5288371875216464,0.2703831773304059,0.9247970194947348,1417026,352.2483992576599,49,0.005,4,2,4,4,0.0003,0.25,1024,96,64,ReduceLROnPlateau
37,0.5288876481742286,0.28029553042205757,0.924782667355332,3019458,196.2701768875122,25,0.005,4,3,4,4,0.0003,0.25,1024,160,64,ReduceLROnPlateau
38,0.529314988819429,0.29446696719533955,0.924661067202637,824130,165.36420941352844,26,0.005,4,4,4,4,0.0003,0.25,256,96,64,ReduceLROnPlateau
39,0.5293858797997409,0.2779896295067071,0.9246408856148729,549762,211.18814373016357,32,0.005,4,3,8,8,0.0003,0.25,512,64,64,ReduceLROnPlateau
137,0.5319098245629795,0.28537499588929166,0.9239205957034332,1538210,181.06161785125732,29,0.005,2,3,2,8,0.0003,0.25,256,160,64,ReduceLROnPlateau
65,0.5320194609438773,0.28989371828177063,0.9238892297470752,625250,171.41660380363464,32,0.005,2,3,8,8,0.0003,0.25,256,96,64,ReduceLROnPlateau
16,0.5322719718448847,0.30798813060189845,0.9238169641197196,1207426,102.7614233493805,21,0.005,2,2,8,4,0.0003,0.25,512,160,64,ReduceLROnPlateau
144,0.5325119526513817,0.30805729715580876,0.9237482526759951,283906,87.38355469703674,21,0.005,1,2,4,4,0.0003,0.25,512,64,64,ReduceLROnPlateau
145,0.5339624424830447,0.3367612488530269,0.9233322882399555,417666,188.37348890304565,31,0.005,3,4,2,4,0.0003,0.25,256,64,64,ReduceLROnPlateau
25,0.5339704960850787,0.313813990271514,0.9233299755083973,416834,181.54107880592346,29,0.005,3,2,4,4,0.0003,0.25,512,64,64,ReduceLROnPlateau
105,0.5340090331825965,0.2865793805454158,0.9233189084294048,2277794,141.5516974925995,21,0.005,3,3,8,8,0.0003,0.25,1024,160,64,ReduceLROnPlateau
118,0.5344403635621796,0.3051229062034327,0.9231949845258024,283906,95.99685478210449,23,0.005,2,2,2,8,0.0003,0.25,512,64,64,ReduceLROnPlateau
50,0.5355936653464958,0.33053913857077444,0.9228631423115273,1021762,170.13807678222656,23,0.005,1,4,2,8,0.0003,0.25,512,96,64,ReduceLROnPlateau
79,0.5360594511578602,0.311991546701855,0.9227289178823175,1043074,103.92517042160034,22,0.005,2,2,8,4,0.0003,0.25,256,160,64,ReduceLROnPlateau
107,0.5367394286883095,0.2905344570243573,0.9225327608182331,614978,130.29702377319336,24,0.005,3,3,8,4,0.0003,0.25,1024,64,64,ReduceLROnPlateau
41,0.5381971155444527,0.3301550922957874,0.9221114155268468,1784738,132.8697328567505,21,0.005,2,3,8,4,0.0003,0.25,512,160,64,ReduceLROnPlateau
11,0.5385939429695549,0.30874206815073124,0.9219965144234974,1417026,258.47909212112427,35,0.005,2,4,8,4,0.0003,0.25,1024,96,64,ReduceLROnPlateau
76,0.539054573498981,0.28752703998407203,0.9218630329680693,2277794,179.4966881275177,27,0.005,3,2,4,8,0.0003,0.25,1024,160,64,ReduceLROnPlateau
8,0.5397542886263507,0.3402535925051456,0.9216600512855567,1021762,171.46157956123352,23,0.005,3,4,2,4,0.0003,0.25,512,96,64,ReduceLROnPlateau
141,0.5398577157976341,0.310302453106483,0.9216300255654867,1207426,110.05843806266785,23,0.005,2,2,8,8,0.0003,0.25,512,160,64,ReduceLROnPlateau
93,0.5402746460910312,0.31361457508831475,0.9215089290883844,1043074,109.88717913627625,21,0.005,1,2,8,8,0.0003,0.25,256,160,64,ReduceLROnPlateau
12,0.5415522148420017,0.3453486847186661,0.9211372799584367,2362050,174.07677721977234,21,0.005,3,4,4,8,0.0003,0.25,512,160,64,ReduceLROnPlateau
147,0.543307727407784,0.3102863135619532,0.9206251635448964,1032066,127.6408965587616,23,0.005,3,3,4,4,0.0003,0.25,256,128,64,ReduceLROnPlateau
132,0.5441634283558248,0.3742634326538598,0.920374938463547,1043074,100.83991885185242,23,0.005,1,2,2,8,0.0003,0.25,256,160,64,ReduceLROnPlateau
85,0.5451458279364831,0.3043803049422974,0.9200871784522177,1021762,213.66090655326843,31,0.005,4,3,2,8,0.0003,0.25,512,96,64,ReduceLROnPlateau
110,0.5470275931720853,0.3121167072055041,0.9195345310615122,833026,120.1052975654602,26,0.005,1,2,4,4,0.0003,0.25,512,128,64,ReduceLROnPlateau
63,0.5471079247562352,0.30061300531319224,0.9195108964467815,1362690,190.57234859466553,29,0.005,4,4,8,4,0.0003,0.25,256,128,64,ReduceLROnPlateau
88,0.5473858553126844,0.3196158301343796,0.919429098825517,283906,121.69194793701172,27,0.005,1,2,4,8,0.0003,0.25,512,64,64,ReduceLROnPlateau
98,0.547957913957157,0.4178989477312306,0.9192606057435044,2152194,174.25063014030457,22,0.005,3,4,4,8,0.0003,0.25,1024,128,64,ReduceLROnPlateau
106,0.5505685212565916,0.30236939781761135,0.9184894481492445,1784738,152.56953954696655,24,0.005,1,3,8,8,0.0003,0.25,512,160,64,ReduceLROnPlateau
84,0.5510679090150711,0.3321542681547277,0.918341514401083,833026,98.3017508983612,21,0.005,2,2,8,4,0.0003,0.25,512,128,64,ReduceLROnPlateau
27,0.5511861329941049,0.31000502404782415,0.9183064732509947,416834,143.61335825920105,23,0.005,2,3,8,8,0.0003,0.25,512,64,64,ReduceLROnPlateau
62,0.5538571148902084,0.3029566044923693,0.9175128008123161,1624194,210.89419031143188,37,0.005,3,2,8,4,0.0003,0.25,1024,128,64,ReduceLROnPlateau
67,0.5538859349487444,0.311604187837375,0.9175042161153018,3019458,222.49678087234497,27,0.005,4,3,8,8,0.0003,0.25,1024,160,64,ReduceLROnPlateau
64,0.5556067236872072,0.3154420535597623,0.9169908312427377,1417026,155.5091187953949,23,0.005,1,4,2,4,0.0003,0.25,1024,96,64,ReduceLROnPlateau
40,0.5557275092397078,0.2993506644740925,0.9169547359339052,1625858,193.0234043598175,28,0.005,2,4,4,4,0.0003,0.25,512,128,64,ReduceLROnPlateau
1,0.5562313187636129,0.3042820039241724,0.9168040939038403,614978,265.4680836200714,28,0.005,3,3,4,8,0.0003,0.25,1024,64,64,ReduceLROnPlateau
81,0.556348826608724,0.30074904831110405,0.9167689387302257,2152194,223.74905037879944,29,0.005,2,4,4,8,0.0003,0.25,1024,128,64,ReduceLROnPlateau
3,0.5563892157722661,0.3221305386248783,0.9167568536684566,2152194,208.3078932762146,25,0.005,4,4,4,8,0.0003,0.25,1024,128,64,ReduceLROnPlateau
56,0.5588205261427848,0.2941586590882472,0.9160277520931968,3019458,213.97994470596313,27,0.005,4,4,8,4,0.0003,0.25,1024,160,64,ReduceLROnPlateau
123,0.5589482289994451,0.2975979149380038,0.915989368674141,549762,213.17053508758545,37,0.005,3,4,2,4,0.0003,0.25,512,64,64,ReduceLROnPlateau
75,0.5597318065411481,0.303943995677611,0.9157536581643794,1538210,140.58637976646423,25,0.005,3,2,2,4,0.0003,0.25,256,160,64,ReduceLROnPlateau
111,0.5603575634703475,0.3009389298569414,0.9155651850432694,701442,170.21476411819458,44,0.005,1,2,2,4,0.0003,0.25,256,128,64,ReduceLROnPlateau
83,0.5606350711150866,0.3577859515515558,0.915481534495332,2362050,170.17050909996033,21,0.005,3,4,8,8,0.0003,0.25,512,160,64,ReduceLROnPlateau
20,0.5630736641598373,0.30908215517301985,0.9147446758774018,283906,209.6740403175354,48,0.005,1,2,8,4,0.0003,0.25,512,64,64,ReduceLROnPlateau
7,0.5631766984252485,0.34542040500675303,0.9147134720618283,1624194,206.58511781692505,32,0.005,2,3,4,4,0.0003,0.25,1024,128,64,ReduceLROnPlateau
122,0.5639726922528068,0.3300577559211786,0.9144722137635821,1229442,159.23491215705872,29,0.005,2,3,2,8,0.0003,0.25,512,128,64,ReduceLROnPlateau
70,0.5648047987894689,0.30886571797274687,0.9142196457470293,2277794,184.68084335327148,27,0.005,1,3,2,4,0.0003,0.25,1024,160,64,ReduceLROnPlateau
121,0.5657095023428068,0.3030701660855498,0.9139446199473518,1229442,170.4448516368866,29,0.005,2,3,4,8,0.0003,0.25,512,128,64,ReduceLROnPlateau
10,0.5672807195965124,0.35253081114742757,0.9134659309109784,1096194,122.60296058654785,23,0.005,2,2,4,8,0.0003,0.25,1024,128,64,ReduceLROnPlateau
130,0.567707818168113,0.33085591453829166,0.9133355810194652,1229442,133.13327956199646,23,0.005,3,2,2,4,0.0003,0.25,512,128,64,ReduceLROnPlateau
72,0.5680841187643854,0.30385366851678547,0.9132206533057587,1362690,202.03804206848145,29,0.005,3,4,2,4,0.0003,0.25,256,128,64,ReduceLROnPlateau
95,0.568165877794911,0.31163276469814805,0.913195672829878,2362050,211.81217455863953,27,0.005,3,4,4,4,0.0003,0.25,512,160,64,ReduceLROnPlateau
148,0.56871533889844,0.33096593679596137,0.9130276984197193,1784738,136.8684422969818,22,0.005,3,3,2,8,0.0003,0.25,512,160,64,ReduceLROnPlateau
101,0.5697712721678847,0.33281117649974445,0.9127044358056813,2277794,155.51912117004395,23,0.005,3,3,2,4,0.0003,0.25,1024,160,64,ReduceLROnPlateau
124,0.5698233363801465,0.3001809148441019,0.9126884813949915,3019458,286.44639587402344,39,0.005,4,3,8,4,0.0003,0.25,1024,160,64,ReduceLROnPlateau
4,0.5700838963180528,0.31360309706785944,0.9126086142369807,1021762,234.05798959732056,31,0.005,2,4,4,4,0.0003,0.25,512,96,64,ReduceLROnPlateau
22,0.5722200435950819,0.3169602678398261,0.9119524630087854,2033346,246.24832344055176,30,0.005,4,4,2,4,0.0003,0.25,256,160,64,ReduceLROnPlateau
139,0.573067814701495,0.3045958738019389,0.911691376550468,2033346,204.6260256767273,28,0.005,3,4,2,8,0.0003,0.25,256,160,64,ReduceLROnPlateau
36,0.5749570831937831,0.31773337141635133,0.9111081516357907,416834,177.11466455459595,31,0.005,1,3,8,8,0.0003,0.25,512,64,64,ReduceLROnPlateau
103,0.5752323598138579,0.32697684856612075,0.9110230123929018,416002,131.30112409591675,28,0.005,1,2,4,8,0.0003,0.25,1024,64,64,ReduceLROnPlateau
26,0.5757694282023381,0.31708487183879575,0.9108567872677632,701442,176.99972486495972,35,0.005,2,2,8,4,0.0003,0.25,256,128,64,ReduceLROnPlateau
99,0.5786739795958892,0.32388368320757965,0.909955127289982,217858,131.8373041152954,30,0.005,2,2,4,8,0.0003,0.25,256,64,64,ReduceLROnPlateau
19,0.5839388448398009,0.316584371969115,0.9083091893791669,2033346,222.05565404891968,29,0.005,1,4,8,8,0.0003,0.25,256,160,64,ReduceLROnPlateau
92,0.5860905532764806,0.3683880144608978,0.9076322164910209,1625858,219.38083600997925,31,0.005,2,4,2,4,0.0003,0.25,512,128,64,ReduceLROnPlateau
18,0.5861320182375125,0.3251534391183403,0.9076191462853795,3019458,248.0791153907776,30,0.005,2,4,4,8,0.0003,0.25,1024,160,64,ReduceLROnPlateau
146,0.5879822390464883,0.3452123484858112,0.9070349954498043,614978,118.92853045463562,21,0.005,1,3,4,8,0.0003,0.25,1024,64,64,ReduceLROnPlateau
42,0.5890021137897874,0.31615508633053846,0.9067122139720473,614978,239.3285038471222,47,0.005,2,3,8,8,0.0003,0.25,1024,64,64,ReduceLROnPlateau
49,0.5902838273210356,0.3164468227239117,0.9063057695480589,1096194,343.78957986831665,72,0.005,2,2,8,4,0.0003,0.25,1024,128,64,ReduceLROnPlateau
55,0.5922542887352091,0.31243335397372723,0.905679192961672,2277794,294.6591167449951,45,0.005,3,3,8,4,0.0003,0.25,1024,160,64,ReduceLROnPlateau
77,0.5931167297914239,0.35861479528906737,0.905404292919105,1784738,149.56621551513672,23,0.005,1,3,2,8,0.0003,0.25,512,160,64,ReduceLROnPlateau
143,0.5971903852400821,0.3187274870493764,0.9041004225904251,3019458,334.49209809303284,44,0.005,4,2,2,4,0.0003,0.25,1024,160,64,ReduceLROnPlateau
128,0.5976405875115111,0.3325988659623057,0.90395577698843,416002,106.82864308357239,27,0.005,1,2,8,4,0.0003,0.25,1024,64,64,ReduceLROnPlateau
30,0.6159643678976486,0.33663995580006295,0.8979760205015901,722818,230.56709361076355,50,0.005,2,2,2,4,0.0003,0.25,1024,96,64,ReduceLROnPlateau
35,0.6346793352696799,0.3560600305034068,0.8916822086687242,1229442,198.55948448181152,33,0.005,3,3,4,4,0.0003,0.25,512,128,64,ReduceLROnPlateau
